CVI,Species.Group,Species,Reporting.Year,Reporting.Quarter,Movement,Total.Animals,Origin.State,Origin.County,Origin.County.Lat,Origin.County.Long,Dest.State,Dest.County,Dest.County.Lat,Dest.County.Long
C1000,Other,Llama,2025,Q4,intrastate,868,WA,Jefferson,47.7495,-123.5974,WA,Whatcom,48.8272,-121.7198
C1001,Swine,Feeder pigs,2024,Q3,EXPORTS,1812,WA,Snohomish,48.0475,-121.6973,ID,N/A,44.3509,-114.613
C1002,Other,Llama,2024,Q3,intrastate,3,WA,Pacific,46.5554,-123.7041,WA,Klickitat,45.8746,-120.7893
C1003,Other,Llama,2024,Q1,EXPORTS,671,WA,Yakima,46.4878,-120.7845,CA,N/A,37.1661,-119.4494
C1004,Poultry,Turkeys,2024,Q1,Imports,210,UT,N/A,39.3055,-111.6703,WA,Mason,47.3481,-123.193
C1005,Other,Alpaca,2024,Q2,Export,3,WA,Spokane,47.6511,-117.4514,OR,N/A,43.9336,-120.5583
C1006,Swine,Feeder pigs,2025,Q2,Inbound,21,CA,N/A,37.1661,-119.4494,WA,Chelan,47.8677,-120.6182
C1006,Cattle,Beef cattle,2025,Q1,Outbound,474,WA,Yakima,46.4568,-120.7375,NV,N/A,39.3289,-116.6312
C1007,Other,Alpaca,2025,Q4,Export,497,WA,Ferry,48.4686,-118.5168,MT,N/A,47.0527,-109.6333
C1008,Swine,Swine,2025,Q4,Inbound,298,MT,N/A,47.0527,-109.6333,WA,Grant,47.2043,-119.4535
C1008,Swine,Swine,2025,Q2,Inbound,41,UT,N/A,39.3055,-111.6703,WA,Clallam County,48.0502,-123.9298
C1009,Other,Alpaca,2025,Q2,Inbound,59,CA,N/A,37.1661,-119.4494,WA,Spokane,47.6201,-117.4044
C1010,Other,Alpaca,2025,Q3,import,50,ID,N/A,44.3509,-114.613,WA,Klickitat,45.8746,-120.7893
C1011,Poultry,Ducks,2025,4,import,2614,NV,N/A,39.3289,-116.6312,WA,Whatcom,48.8272,-121.7198
C1012,Equids,Mules,2024,Q4,intrastate,195,WA,King,47.5211,-121.8523,WA,Spokane County,47.6511,-117.4514
C1012,Other,Alpaca,2024,1,Export,12,WA,Grant,47.2353,-119.5005,MT,N/A,47.0527,-109.6333
C1012,Poultry,Chickens,2025,Q2,export,10,WA,Grant,47.2043,-119.4535,NV,N/A,39.3289,-116.6312
C1013,Equids,Mules,2025,Q1,Import,62,OR,N/A,43.9336,-120.5583,WA,Chelan,47.8677,-120.6182
C1014,Other,Alpaca,2025,Q4,import,4,NV,N/A,39.3289,-116.6312,WA,Spokane,47.6201,-117.4044
C1015,Other,Llama,2025,Q1,Import,42,UT,N/A,39.3055,-111.6703,WA,Whitman,46.9008,-117.5231
C1015,Equids,Mules,2025,Q1,Outbound,3,WA,Grant,47.2043,-119.4535,OR,N/A,43.9336,-120.5583
C1015,Equids,Horses,2024,Q2,EXPORTS,44,WA,Whatcom,48.8582,-121.7668,OR,N/A,43.9336,-120.5583
C1015,Other,Alpaca,2025,Q1,Outbound,1299,WA,Clallam County,48.0502,-123.9298,MT,N/A,47.0527,-109.6333
C1015,Poultry,Ducks,,Q4,Import,1335,MT,N/A,47.0527,-109.6333,WA,Spokane,47.6201,-117.4044
C1016,Equids,Mules,2024,Q4,export,n/a,WA,Grant,47.2353,-119.5005,OR,N/A,43.9336,-120.5583
C1017,Swine,Swine,2024,Q2,EXPORTS,37,WA,Franklin,46.5347,-118.8994,OR,N/A,43.9336,-120.5583
C1018,Small Ruminants,Goats,2024,Q4,Imports,2712,NV,N/A,39.3289,-116.6312,WA,Columbia,46.2972,-117.9073
C1018,Cattle,Beef cattle,2025,Q3,Outbound,362,WA,Island,48.1627,-122.5477,UT,N/A,39.3055,-111.6703
C1019,Other,Llama,2025,Q3,Export,1239,WA,Franklin,46.5347,-118.8994,ID,N/A,44.3509,-114.613
C1020,Other,Llama,2025,Q4,EXPORTS,1069,WA,Yakima County,46.4568,-120.7375,OR,N/A,43.9336,-120.5583
C1020,Cattle,"Beef cattle, cow-calf",2025,Q1,Outbound,6,WA,Whatcom,48.8272,-121.7198,ID,N/A,44.3509,-114.613
C1021,Poultry,Ducks,2024,Q3,export,14,WA,Spokane,47.6511,-117.4514,OR,N/A,43.9336,-120.5583
C1022,Cattle,"Beef cattle, cow-calf",2024,Q4,Imports,633,NV,N/A,39.3289,-116.6312,WA,Grant,47.2353,-119.5005
C1022,Cattle,"Beef cattle, cow-calf",2024,Q2,intrastate,10,WA,Klickitat,45.8746,-120.7893,WA,King,47.5211,-121.8523
C1023,Swine,Feeder pigs,2024,Q3,Imports,13,MT,N/A,47.0527,-109.6333,WA,Grant,47.2353,-119.5005
C1024,Cattle,"Beef cattle, cow-calf",2025,Q3,Import,392,NV,N/A,39.3289,-116.6312,WA,Lincoln,47.5761,-118.4185
C1024,Equids,Horses,2024,Q3,Import,13,OR,N/A,43.9336,-120.5583,WA,Asotin,46.1916,-117.203
C1025,Swine,Swine,2025,Q4,Inbound,89,MT,N/A,47.0527,-109.6333,WA,Whitman,46.9008,-117.5231
C1025,Small Ruminants,Sheep,2024,Q3,export,31,WA,Stevens,48.397,-117.8554,MT,N/A,47.0527,-109.6333
C1026,Small Ruminants,Goats,2024,Q1,import,845,OR,N/A,43.9336,-120.5583,WA,Walla Walla,46.2296,-118.4785
C1027,Poultry,Chickens,2025,Q1,Import,767,NV,N/A,39.3289,-116.6312,WA,Kitsap,47.6125,-122.6764
C1028,Swine,Feeder pigs,2024,3,Export,2327,WA,Spokane,47.6511,-117.4514,CA,N/A,37.1661,-119.4494
C1028,Cattle,Beef cattle,2024,Q3,Inbound,767,NV,N/A,39.3289,-116.6312,WA,Yakima,46.4878,-120.7845
C1029,Swine,Feeder pigs,2025,Q3,Import,92,ID,N/A,44.3509,-114.613,WA,Okanogan County,48.5485,-119.7401
C1030,Poultry,Ducks,2025,1,import,,ID,N/A,44.3509,-114.613,WA,Chelan,47.8677,-120.6182
C1031,Poultry,Turkeys,2025,Q1,Imports,243,UT,N/A,39.3055,-111.6703,WA,Chelan,47.8677,-120.6182
C1031,Cattle,Dairy cattle,2024,Q1,intrastate,4570,WA,Douglas,47.7357,-119.6935,WA,Grant,47.2353,-119.5005
C1032,Small Ruminants,Goats,2025,Q4,Outbound,146,WA,Yakima,46.4568,-120.7375,UT,N/A,39.3055,-111.6703
C1033,Small Ruminants,Sheep,2024,Q1,export,4888,WA,Grant,47.2353,-119.5005,OR,N/A,43.9336,-120.5583
C1033,Swine,Swine,2024,Q3,Import,141,OR,N/A,43.9336,-120.5583,WA,Skamania,46.0224,-121.915
C1034,Cattle,Dairy cattle,2024,Q3,EXPORTS,104,WA,Skagit,48.4804,-121.7291,ID,N/A,44.3509,-114.613
C1034,Small Ruminants,Sheep,2024,Q3,Inbound,17,CA,N/A,37.1661,-119.4494,WA,Spokane,47.6511,-117.4514
C1035,Swine,Swine,2024,3,Intrastate,n/a,WA,Pacific,46.5554,-123.7041,WA,Pend Oreille County,48.531,-117.2739
C1035,Other,Alpaca,2024,Q4,EXPORTS,12,WA,Yakima,46.4878,-120.7845,NV,N/A,39.3289,-116.6312
C1035,Swine,Feeder pigs,2025,4,EXPORTS,8,WA,Whatcom,48.8272,-121.7198,OR,N/A,43.9336,-120.5583
C1035,Equids,Horses,2025,Q4,Export,10,WA,Whatcom County,48.8272,-121.7198,CA,N/A,37.1661,-119.4494
C1035,Small Ruminants,Goats,2025,Q3,export,159,WA,Spokane,47.6201,-117.4044,UT,N/A,39.3055,-111.6703
C1036,Cattle,Dairy cattle,2025,Q2,Import,25,MT,N/A,47.0527,-109.6333,WA,Chelan,47.8677,-120.6182
C1036,Other,Llama,2025,Q1,Export,4350,WA,Garfield,46.4312,-117.545,CA,N/A,37.1661,-119.4494
C1036,Poultry,Turkeys,2024,Q3,export,36,WA,Wahkiakum,46.2918,-123.4243,ID,N/A,44.3509,-114.613
C1037,Small Ruminants,Sheep,2025,Q2,Imports,9,OR,N/A,43.9336,-120.5583,WA,Whatcom,48.8272,-121.7198
C1038,Equids,Mules,2024,1,export,40,WA,Spokane,47.6511,-117.4514,UT,N/A,39.3055,-111.6703
C1039,Poultry,Chickens,2024,Q1,Import,7,CA,N/A,37.1661,-119.4494,WA,Columbia,46.2972,-117.9073
C1040,Other,Alpaca,2024,Q1,Inbound,47,NV,N/A,39.3289,-116.6312,WA,Franklin,46.5347,-118.8994
C1040,Cattle,Beef cattle,2024,Q4,Inbound,353,CA,N/A,37.1661,-119.4494,WA,Pend Oreille,48.531,-117.2739
C1041,Swine,Feeder pigs,2025,Q3,Import,1140,ID,N/A,44.3509,-114.613,WA,Spokane,47.6201,-117.4044
C1042,Cattle,Dairy cattle,2025,Q2,Import,281,NV,N/A,39.3289,-116.6312,WA,King,47.4901,-121.8053
C1043,Small Ruminants,Sheep,2025,1,Imports,,MT,N/A,47.0527,-109.6333,WA,Whitman,46.9008,-117.5231
C1044,Swine,Swine,2024,Q3,Imports,12,CA,N/A,37.1661,-119.4494,WA,Snohomish,48.0475,-121.6973
C1045,Equids,Mules,2024,3,Inbound,729,ID,N/A,44.3509,-114.613,WA,Spokane,47.6511,-117.4514
C1046,Other,Llama,2025,Q1,import,145,CA,N/A,37.1661,-119.4494,WA,King County,47.4901,-121.8053
C1047,Poultry,Ducks,2024,Q3,Imports,2849,CA,N/A,37.1661,-119.4494,WA,King,47.5211,-121.8523
C1047,Cattle,Dairy cattle,2025,Q2,Import,0,NV,N/A,39.3289,-116.6312,WA,Franklin,46.5347,-118.8994
C1048,Swine,Swine,2024,Q1,import,16,MT,N/A,47.0527,-109.6333,WA,Snohomish,48.0475,-121.6973
C1049,Swine,Swine,2025,Q2,Imports,6,OR,N/A,43.9336,-120.5583,WA,Yakima,46.4568,-120.7375
C1050,Poultry,Ducks,2025,3,Import,472,OR,N/A,43.9336,-120.5583,WA,Columbia,46.2972,-117.9073
C1050,Swine,Swine,2024,Q1,Inbound,4,MT,N/A,47.0527,-109.6333,WA,Yakima,46.4878,-120.7845
C1051,Cattle,Beef cattle,2024,Q4,Imports,0,CA,N/A,37.1661,-119.4494,WA,Spokane,47.6511,-117.4514
C1051,Poultry,Turkeys,2025,Q2,intrastate,98,WA,Whitman,46.9008,-117.5231,WA,Kittitas,47.1244,-120.6781
C1052,Swine,Feeder pigs,2025,Q3,Export,433,WA,Columbia,46.2972,-117.9073,OR,N/A,43.9336,-120.5583
C1053,Cattle,Dairy cattle,2025,Q3,Import,1185,MT,N/A,47.0527,-109.6333,WA,Whatcom,48.8272,-121.7198
C1054,Other,Llama,2024,Q4,Inbound,164,UT,N/A,39.3055,-111.6703,WA,Kitsap,47.6125,-122.6764
C1054,Small Ruminants,Sheep,2025,Q4,Imports,1457,UT,N/A,39.3055,-111.6703,WA,King,47.4901,-121.8053
C1054,Swine,Swine,2024,Q2,Outbound,1207,WA,Yakima,46.4878,-120.7845,NV,N/A,39.3289,-116.6312
C1055,Small Ruminants,Sheep,2025,Q4,Outbound,2090,WA,Walla Walla,46.2296,-118.4785,NV,N/A,39.3289,-116.6312
C1056,Cattle,Beef cattle,2025,Q4,Imports,1552,MT,N/A,47.0527,-109.6333,WA,San Juan,48.5775,-122.9654
C1057,Small Ruminants,Sheep,2024,Q1,import,20,ID,N/A,44.3509,-114.613,WA,Skagit,48.4804,-121.7291
C1058,Equids,Mules,2025,Q3,Inbound,0,NV,N/A,39.3289,-116.6312,WA,King,47.4901,-121.8053
C1058,Poultry,Chickens,2025,Q1,Import,1500,ID,N/A,44.3509,-114.613,WA,Yakima,46.4568,-120.7375
C1058,Cattle,Dairy cattle,2025,Q2,export,74,WA,Grant,47.2043,-119.4535,NV,N/A,39.3289,-116.6312
C1059,Equids,Mules,2024,3,Imports,14,ID,N/A,44.3509,-114.613,WA,Benton,46.2392,-119.5109
C1060,Swine,Swine,2024,Q4,export,62,WA,Asotin,46.1916,-117.203,UT,N/A,39.3055,-111.6703
C1061,Swine,Swine,2025,Q4,Imports,25,UT,N/A,39.3055,-111.6703,WA,Adams,46.9835,-118.5611
C1062,Cattle,Dairy cattle,2025,Q3,Imports,20,ID,N/A,44.3509,-114.613,WA,Garfield,46.4312,-117.545
C1063,Equids,Horses,2025,Q4,EXPORTS,274,WA,Cowlitz,46.1932,-122.6808,UT,N/A,39.3055,-111.6703
C1064,Swine,Swine,2024,Q4,,429,WA,Okanogan,48.5485,-119.7401,WA,Stevens,48.397,-117.8554
C1065,Poultry,Chickens,2024,Q1,Export,31,WA,Walla Walla,46.2296,-118.4785,UT,N/A,39.3055,-111.6703
C1065,Small Ruminants,Goats,2025,Q1,,1252,WA,King,47.4901,-121.8053,MT,N/A,47.0527,-109.6333
C1065,Poultry,Turkeys,2025,3,intrastate,2977,WA,Whitman,46.9008,-117.5231,WA,Spokane County,47.6201,-117.4044
C1066,Poultry,Turkeys,2024,Q4,intrastate,1707,WA,Whatcom,48.8582,-121.7668,WA,Spokane,47.6511,-117.4514
C1066,Cattle,Dairy cattle,2025,Q3,Imports,,UT,N/A,39.3055,-111.6703,WA,King County,47.4901,-121.8053
C1066,Other,Alpaca,2025,Q3,Outbound,7,WA,San Juan County,48.5775,-122.9654,CA,N/A,37.1661,-119.4494
C1067,Equids,Horses,2024,Q3,EXPORTS,1719,WA,Stevens,48.397,-117.8554,MT,N/A,47.0527,-109.6333
C1067,Other,Llama,2024,1,Imports,4,NV,N/A,39.3289,-116.6312,WA,Pend Oreille,48.531,-117.2739
C1068,Poultry,Turkeys,2025,Q2,EXPORTS,582,WA,Lewis,46.579,-122.3927,MT,N/A,47.0527,-109.6333
C1068,Equids,Mules,2024,Q2,Inbound,91,MT,N/A,47.0527,-109.6333,WA,Kittitas,47.1244,-120.6781
C1068,Swine,Feeder pigs,2025,Q4,Inbound,13,CA,N/A,37.1661,-119.4494,WA,Whitman,46.9008,-117.5231
C1069,Cattle,Beef cattle,2025,3,Inbound,3,ID,N/A,44.3509,-114.613,WA,Chelan,47.8677,-120.6182
C1070,Other,Llama,2024,Q4,EXPORTS,1680,WA,Whatcom,48.8582,-121.7668,ID,N/A,44.3509,-114.613
C1071,Swine,Feeder pigs,2024,Q2,Import,117,ID,N/A,44.3509,-114.613,WA,Cowlitz,46.1932,-122.6808
C1072,Equids,Horses,2024,4,export,2197,WA,Snohomish,48.0475,-121.6973,OR,N/A,43.9336,-120.5583
C1072,Small Ruminants,Sheep,2025,2,Imports,33,UT,N/A,39.3055,-111.6703,WA,Columbia County,46.2972,-117.9073
C1073,Equids,Horses,2024,Q3,Export,11,WA,Kittitas,47.1244,-120.6781,MT,N/A,47.0527,-109.6333
C1074,Cattle,"Beef cattle, cow-calf",2025,1,Outbound,4,WA,Okanogan,48.5485,-119.7401,OR,N/A,43.9336,-120.5583
C1074,Other,Alpaca,2024,Q4,Import,148,NV,N/A,39.3289,-116.6312,WA,Okanogan County,48.5485,-119.7401
C1074,Equids,Horses,2025,Q2,intrastate,596,WA,Clark,45.7791,-122.4825,WA,Yakima,46.4568,-120.7375
C1075,Other,Llama,2024,Q3,Outbound,37,WA,King,47.5211,-121.8523,CA,N/A,37.1661,-119.4494
C1076,Other,Alpaca,2024,Q3,Inbound,,CA,N/A,37.1661,-119.4494,WA,Mason,47.3481,-123.193
C1077,Other,Alpaca,2024,Q4,Outbound,1685,WA,King,47.5211,-121.8523,NV,N/A,39.3289,-116.6312
C1078,Small Ruminants,Sheep,2025,Q2,Import,35,OR,N/A,43.9336,-120.5583,WA,Spokane,47.6201,-117.4044
C1079,Equids,Horses,2025,Q3,Inbound,40,OR,N/A,43.9336,-120.5583,WA,Whatcom,48.8272,-121.7198
C1080,Cattle,"Beef cattle, cow-calf",2024,Q1,export,8,WA,Skamania,46.0224,-121.915,ID,N/A,44.3509,-114.613
C1081,Swine,Feeder pigs,2024,Q1,export,256,WA,Pacific,46.5554,-123.7041,OR,N/A,43.9336,-120.5583
C1082,Small Ruminants,Sheep,2025,Q1,Import,65,ID,N/A,44.3509,-114.613,WA,Grant,47.2043,-119.4535
C1083,Small Ruminants,Goats,2024,Q3,intrastate,52,WA,Mason,47.3481,-123.193,WA,Pend Oreille,48.531,-117.2739
C1084,Cattle,Beef cattle,2025,Q1,Outbound,148,WA,Whatcom,48.8272,-121.7198,ID,N/A,44.3509,-114.613
C1084,Swine,Feeder pigs,2024,Q3,Imports,6,ID,N/A,44.3509,-114.613,WA,Whitman,46.9008,-117.5231
C1085,Equids,Horses,2025,Q3,Outbound,40,WA,Whatcom,48.8272,-121.7198,MT,N/A,47.0527,-109.6333
C1086,Other,Llama,,Q4,Inbound,720,OR,N/A,43.9336,-120.5583,WA,Garfield County,46.4312,-117.545
C1087,Cattle,Beef cattle,2025,Q2,export,1927,WA,Kittitas,47.1244,-120.6781,UT,N/A,39.3055,-111.6703
C1088,Other,Llama,2025,Q4,Outbound,132,WA,Snohomish,48.0475,-121.6973,MT,N/A,47.0527,-109.6333
C1088,Poultry,Chickens,2024,Q2,Imports,526,UT,N/A,39.3055,-111.6703,WA,Kitsap,47.6125,-122.6764
C1089,Cattle,"Beef cattle, cow-calf",2024,Q3,intrastate,2260,WA,Pend Oreille,48.531,-117.2739,WA,Yakima,46.4878,-120.7845
C1090,Small Ruminants,Sheep,2025,Q4,import,5,NV,N/A,39.3289,-116.6312,WA,Spokane,47.6201,-117.4044
C1091,Equids,Mules,2025,Q1,export,1901,WA,Spokane,47.6201,-117.4044,ID,N/A,44.3509,-114.613
C1092,Poultry,Turkeys,2025,Q3,export,205,WA,Clallam,48.0502,-123.9298,NV,N/A,39.3289,-116.6312
C1092,Small Ruminants,Sheep,2024,Q1,Intrastate,1979,WA,King,47.5211,-121.8523,WA,Spokane,47.6511,-117.4514
C1093,Equids,Mules,2024,2,Export,556,WA,Clallam,48.0502,-123.9298,UT,N/A,39.3055,-111.6703
C1094,Other,Alpaca,2025,Q2,Imports,1181,CA,N/A,37.1661,-119.4494,WA,Chelan,47.8677,-120.6182
C1094,Poultry,Chickens,2025,Q3,Export,850,WA,Yakima,46.4568,-120.7375,UT,N/A,39.3055,-111.6703
C1095,Poultry,Chickens,2024,Q3,export,22,WA,Klickitat,45.8746,-120.7893,UT,N/A,39.3055,-111.6703
C1096,Small Ruminants,Sheep,2025,Q4,Imports,0,MT,N/A,47.0527,-109.6333,WA,Ferry,48.4686,-118.5168
C1097,Small Ruminants,Goats,2024,Q4,Import,428,ID,N/A,44.3509,-114.613,WA,Spokane,47.6511,-117.4514
C1098,Swine,Swine,2025,Q3,Inbound,114,OR,N/A,43.9336,-120.5583,WA,Columbia,46.2972,-117.9073
C1099,Other,Llama,2025,Q1,import,11,OR,N/A,43.9336,-120.5583,WA,Mason,47.3481,-123.193
C1099,Poultry,Ducks,2025,Q2,export,573,WA,Pend Oreille,48.531,-117.2739,OR,N/A,43.9336,-120.5583
C1100,Poultry,Ducks,2024,Q2,Import,34,MT,N/A,47.0527,-109.6333,WA,Pierce,47.024,-122.1031
C1101,Small Ruminants,Goats,2024,Q3,intrastate,200,WA,Ferry,48.4686,-118.5168,WA,Kitsap County,47.6125,-122.6764
C1102,Cattle,"Beef cattle, cow-calf",2025,Q4,Import,1710,ID,N/A,44.3509,-114.613,WA,Wahkiakum,46.2918,-123.4243
C1103,Equids,Horses,2025,Q4,import,1666,OR,N/A,43.9336,-120.5583,WA,Yakima,46.4568,-120.7375
C1104,Other,Alpaca,2025,Q1,import,15,MT,N/A,47.0527,-109.6333,WA,Wahkiakum,46.2918,-123.4243
C1105,Cattle,"Beef cattle, cow-calf",2025,Q2,Inbound,24,ID,N/A,44.3509,-114.613,WA,Clark,45.7791,-122.4825
C1106,Small Ruminants,Sheep,2025,Q1,import,202,CA,N/A,37.1661,-119.4494,WA,Whitman,46.9008,-117.5231
C1107,Poultry,Turkeys,2025,Q1,intrastate,258,WA,Grant,47.2043,-119.4535,WA,Island,48.1627,-122.5477
C1108,Poultry,Turkeys,2025,Q4,Import,799,NV,N/A,39.3289,-116.6312,WA,Columbia,46.2972,-117.9073
C1109,Equids,Horses,2025,Q2,Import,208,ID,N/A,44.3509,-114.613,WA,King,47.4901,-121.8053
C1110,Poultry,Turkeys,2024,Q1,import,4,MT,N/A,47.0527,-109.6333,WA,Clark,45.7791,-122.4825
C1111,Poultry,Turkeys,2024,Q2,import,17,CA,N/A,37.1661,-119.4494,WA,Grant,47.2353,-119.5005
C1112,Other,Alpaca,2025,Q3,Outbound,158,WA,Walla Walla,46.2296,-118.4785,OR,N/A,43.9336,-120.5583
C1112,Cattle,"Beef cattle, cow-calf",2024,Q3,EXPORTS,3,WA,King,47.5211,-121.8523,NV,N/A,39.3289,-116.6312
C1113,Cattle,Dairy cattle,2025,Q2,Inbound,2299,ID,N/A,44.3509,-114.613,WA,Lincoln,47.5761,-118.4185
C1114,Other,Llama,2024,Q4,EXPORTS,n/a,WA,Lewis County,46.579,-122.3927,NV,N/A,39.3289,-116.6312
C1115,Other,Alpaca,2025,Q2,Import,1864,UT,N/A,39.3055,-111.6703,WA,Pend Oreille,48.531,-117.2739
C1116,Cattle,"Beef cattle, cow-calf",2024,Q4,Inbound,242,OR,N/A,43.9336,-120.5583,WA,Yakima,46.4878,-120.7845
C1117,Swine,Feeder pigs,2025,Q1,Export,23,WA,Pend Oreille,48.531,-117.2739,OR,N/A,43.9336,-120.5583
C1117,Small Ruminants,Goats,2024,Q2,Import,6,NV,N/A,39.3289,-116.6312,WA,Mason,47.3481,-123.193
C1118,Small Ruminants,Goats,2025,Q2,Imports,n/a,NV,N/A,39.3289,-116.6312,WA,Yakima,46.4568,-120.7375
C1119,Poultry,Ducks,2024,Q3,EXPORTS,452,WA,Snohomish,48.0475,-121.6973,MT,N/A,47.0527,-109.6333
C1120,Poultry,Chickens,2025,Q2,Export,6,WA,Grant,47.2043,-119.4535,UT,N/A,39.3055,-111.6703
C1121,Other,Alpaca,2024,Q3,EXPORTS,798,WA,Clark,45.7791,-122.4825,OR,N/A,43.9336,-120.5583
C1121,Other,Alpaca,2025,Q2,Export,139,WA,Kittitas,47.1244,-120.6781,NV,N/A,39.3289,-116.6312
C1122,Other,Alpaca,2025,3,Imports,664,UT,N/A,39.3055,-111.6703,WA,Whatcom,48.8272,-121.7198
C1123,Swine,Feeder pigs,2025,Q2,Outbound,n/a,WA,Yakima,46.4568,-120.7375,CA,N/A,37.1661,-119.4494
C1124,Swine,Swine,2024,Q1,Inbound,2267,ID,N/A,44.3509,-114.613,WA,Klickitat,45.8746,-120.7893
C1125,Poultry,Turkeys,2025,Q2,Import,3259,MT,N/A,47.0527,-109.6333,WA,Whatcom,48.8272,-121.7198
C1125,Poultry,Ducks,2025,Q1,Outbound,305,WA,King,47.4901,-121.8053,OR,N/A,43.9336,-120.5583
C1126,Other,Alpaca,2024,Q3,Outbound,3720,WA,King,47.5211,-121.8523,CA,N/A,37.1661,-119.4494
C1127,Small Ruminants,Sheep,2024,Q4,intrastate,1016,WA,Pend Oreille,48.531,-117.2739,WA,Kitsap,47.6125,-122.6764
C1128,Other,Alpaca,2024,Q4,Intrastate,11,WA,Columbia,46.2972,-117.9073,WA,Spokane,47.6511,-117.4514
C1129,Equids,Mules,2024,Q1,,14,ID,N/A,44.3509,-114.613,WA,Franklin,46.5347,-118.8994
C1130,Small Ruminants,Goats,2025,Q4,Export,1362,WA,Ferry,48.4686,-118.5168,NV,N/A,39.3289,-116.6312
C1130,Poultry,Chickens,2025,Q4,Outbound,7,WA,Jefferson,47.7495,-123.5974,NV,N/A,39.3289,-116.6312
C1131,Other,Alpaca,2025,Q2,export,786,WA,Spokane,47.6201,-117.4044,MT,N/A,47.0527,-109.6333
C1132,Equids,Mules,2025,Q4,Outbound,n/a,WA,Ferry,48.4686,-118.5168,UT,N/A,39.3055,-111.6703
C1132,Equids,Horses,2025,Q3,import,22,UT,N/A,39.3055,-111.6703,WA,Asotin County,46.1916,-117.203
C1133,Small Ruminants,Sheep,2025,Q1,Import,4,UT,N/A,39.3055,-111.6703,WA,Cowlitz,46.1932,-122.6808
C1134,Other,Llama,2024,Q2,import,15,UT,N/A,39.3055,-111.6703,WA,Spokane,47.6511,-117.4514
C1135,Cattle,Dairy cattle,2024,Q1,intrastate,9,WA,Klickitat,45.8746,-120.7893,WA,Columbia,46.2972,-117.9073
C1136,Equids,Horses,2025,Q3,Import,5,NV,N/A,39.3289,-116.6312,WA,Klickitat County,45.8746,-120.7893
C1136,Equids,Horses,2024,Q4,Intrastate,157,WA,Mason,47.3481,-123.193,WA,Whatcom,48.8582,-121.7668
C1137,Cattle,"Beef cattle, cow-calf",2025,Q4,import,4,OR,N/A,43.9336,-120.5583,WA,Skamania,46.0224,-121.915
C1138,Poultry,Turkeys,2025,Q3,Export,3412,WA,Grant,47.2043,-119.4535,MT,N/A,47.0527,-109.6333
C1139,Swine,Swine,2025,Q3,Imports,2084,MT,N/A,47.0527,-109.6333,WA,Klickitat,45.8746,-120.7893
C1140,Small Ruminants,Sheep,2025,Q1,EXPORTS,10,WA,Clark,45.7791,-122.4825,OR,N/A,43.9336,-120.5583
C1141,Swine,Feeder pigs,2024,Q3,intrastate,1076,WA,Thurston,46.9256,-122.833,WA,Yakima,46.4878,-120.7845
C1142,Poultry,Ducks,2024,Q1,Export,121,WA,Douglas,47.7357,-119.6935,NV,N/A,39.3289,-116.6312
C1143,Swine,Swine,2025,Q4,Intrastate,12,WA,Yakima,46.4568,-120.7375,WA,Yakima,46.4568,-120.7375
C1144,Poultry,Chickens,,Q2,Outbound,70,WA,Walla Walla,46.2296,-118.4785,NV,N/A,39.3289,-116.6312
C1145,Swine,Swine,2025,Q2,intrastate,2135,WA,Douglas,47.7357,-119.6935,WA,Thurston,46.9256,-122.833
C1146,Poultry,Ducks,2025,Q3,Import,,CA,N/A,37.1661,-119.4494,WA,Whatcom,48.8272,-121.7198
C1147,Equids,Mules,2024,Q2,Export,2349,WA,Grant,47.2353,-119.5005,OR,N/A,43.9336,-120.5583
C1148,Swine,Feeder pigs,2024,Q2,Imports,10,UT,N/A,39.3055,-111.6703,WA,King,47.5211,-121.8523
C1149,Swine,Swine,2025,Q4,intrastate,53,WA,Walla Walla,46.2296,-118.4785,WA,Franklin,46.5347,-118.8994
C1150,Poultry,Turkeys,2025,Q4,import,1318,ID,N/A,44.3509,-114.613,WA,Yakima,46.4568,-120.7375
C1151,Swine,Swine,2025,4,intrastate,660,WA,Pend Oreille,48.531,-117.2739,WA,Benton,46.2392,-119.5109
C1152,Swine,Swine,2025,Q3,Imports,80,NV,N/A,39.3289,-116.6312,WA,Skagit,48.4804,-121.7291
C1152,Poultry,Turkeys,2024,Q1,Intrastate,6,WA,Jefferson,47.7495,-123.5974,WA,Skamania,46.0224,-121.915
C1152,Equids,Horses,2024,Q1,Export,6,WA,Clark,45.7791,-122.4825,CA,N/A,37.1661,-119.4494
C1152,Small Ruminants,Sheep,2025,Q2,import,4,CA,N/A,37.1661,-119.4494,WA,Yakima,46.4568,-120.7375
C1152,Cattle,Dairy cattle,2025,Q3,Outbound,340,WA,Kitsap County,47.6125,-122.6764,OR,N/A,43.9336,-120.5583
C1153,Poultry,Chickens,2024,Q1,Intrastate,61,WA,Walla Walla,46.2296,-118.4785,WA,Yakima,46.4878,-120.7845
C1153,Other,Alpaca,2025,Q2,Import,27,MT,N/A,47.0527,-109.6333,WA,Asotin,46.1916,-117.203
C1153,Poultry,Chickens,2024,Q2,Outbound,255,WA,Pacific,46.5554,-123.7041,NV,N/A,39.3289,-116.6312
C1154,Poultry,Turkeys,2025,Q3,Intrastate,36,WA,Okanogan,48.5485,-119.7401,WA,Snohomish,48.0475,-121.6973
C1155,Cattle,"Beef cattle, cow-calf",2025,Q2,Export,907,WA,Spokane County,47.6201,-117.4044,UT,N/A,39.3055,-111.6703
C1155,Poultry,Ducks,2024,Q2,intrastate,0,WA,Kittitas,47.1244,-120.6781,WA,Skamania,46.0224,-121.915
C1156,Cattle,Beef cattle,2024,Q3,Outbound,3,WA,Yakima County,46.4878,-120.7845,NV,N/A,39.3289,-116.6312
C1156,Other,Llama,2025,Q2,intrastate,3,WA,Jefferson,47.7495,-123.5974,WA,Yakima,46.4568,-120.7375
C1156,Cattle,"Beef cattle, cow-calf",2024,Q4,Intrastate,832,WA,Benton,46.2392,-119.5109,WA,Grant,47.2353,-119.5005
C1157,Other,Alpaca,2024,Q3,EXPORTS,1579,WA,King,47.5211,-121.8523,CA,N/A,37.1661,-119.4494
C1158,Other,Llama,2025,Q1,intrastate,4,WA,Stevens,48.397,-117.8554,WA,Grant,47.2043,-119.4535
C1158,Swine,Feeder pigs,2024,2,export,92,WA,Spokane County,47.6511,-117.4514,OR,N/A,43.9336,-120.5583
C1158,Cattle,Beef cattle,2025,2,Export,888,WA,Skamania,46.0224,-121.915,NV,N/A,39.3289,-116.6312
C1158,Other,Llama,2024,Q1,Import,1724,MT,N/A,47.0527,-109.6333,WA,Grant,47.2353,-119.5005
C1158,Cattle,Beef cattle,2024,Q1,import,112,MT,N/A,47.0527,-109.6333,WA,Franklin,46.5347,-118.8994
C1158,Other,Alpaca,2025,Q4,Import,11,NV,N/A,39.3289,-116.6312,WA,Spokane,47.6201,-117.4044
C1159,Other,Llama,2025,Q4,Imports,195,CA,N/A,37.1661,-119.4494,WA,Columbia County,46.2972,-117.9073
C1159,Swine,Swine,2025,Q1,Inbound,11,ID,N/A,44.3509,-114.613,WA,Okanogan,48.5485,-119.7401
C1160,Equids,Mules,2024,Q3,Import,296,CA,N/A,37.1661,-119.4494,WA,Grant,47.2353,-119.5005
C1161,Poultry,Ducks,2025,Q2,Export,594,WA,Yakima,46.4568,-120.7375,ID,N/A,44.3509,-114.613
C1162,Other,Alpaca,2024,Q3,Imports,135,UT,N/A,39.3055,-111.6703,WA,Pend Oreille,48.531,-117.2739
C1163,Other,Llama,2024,Q1,Import,209,ID,N/A,44.3509,-114.613,WA,Skagit,48.4804,-121.7291
C1164,Cattle,Beef cattle,2025,Q1,Imports,180,UT,N/A,39.3055,-111.6703,WA,Grant County,47.2043,-119.4535
C1165,Small Ruminants,Sheep,2024,Q4,EXPORTS,22,WA,King,47.5211,-121.8523,CA,N/A,37.1661,-119.4494
C1165,Cattle,Dairy cattle,2025,Q1,Export,3,WA,Chelan,47.8677,-120.6182,MT,N/A,47.0527,-109.6333
C1166,Equids,Horses,2025,Q2,Intrastate,3363,WA,Pend Oreille,48.531,-117.2739,WA,Franklin,46.5347,-118.8994
C1167,Cattle,Dairy cattle,2024,Q3,EXPORTS,158,WA,Clallam,48.0502,-123.9298,MT,N/A,47.0527,-109.6333
C1168,Equids,Horses,2025,Q1,Intrastate,683,WA,Island,48.1627,-122.5477,WA,Spokane,47.6201,-117.4044
C1168,Poultry,Ducks,2024,Q1,Imports,0,CA,N/A,37.1661,-119.4494,WA,Pacific,46.5554,-123.7041
C1169,Poultry,Turkeys,2025,1,Inbound,4,OR,N/A,43.9336,-120.5583,WA,Pend Oreille,48.531,-117.2739
C1169,Cattle,Beef cattle,2024,Q4,Intrastate,1369,WA,Klickitat,45.8746,-120.7893,WA,Grant,47.2353,-119.5005
C1170,Equids,Mules,2024,Q3,Intrastate,44,WA,Snohomish,48.0475,-121.6973,WA,Grant,47.2353,-119.5005
C1171,Cattle,Beef cattle,2025,Q1,Outbound,2330,WA,Clallam,48.0502,-123.9298,CA,N/A,37.1661,-119.4494
C1172,Equids,Mules,2024,Q3,export,1429,WA,Jefferson,47.7495,-123.5974,OR,N/A,43.9336,-120.5583
C1172,Poultry,Chickens,2025,Q2,Imports,45,UT,N/A,39.3055,-111.6703,WA,Yakima,46.4568,-120.7375
C1173,Small Ruminants,Sheep,2025,3,Imports,n/a,NV,N/A,39.3289,-116.6312,WA,Columbia,46.2972,-117.9073
C1174,Swine,Swine,2024,Q3,Import,5,CA,N/A,37.1661,-119.4494,WA,Whatcom,48.8582,-121.7668
C1175,Swine,Swine,2025,Q3,Intrastate,4142,WA,Stevens,48.397,-117.8554,WA,Kittitas,47.1244,-120.6781
C1176,Small Ruminants,Goats,2025,Q3,Imports,74,MT,N/A,47.0527,-109.6333,WA,Kittitas,47.1244,-120.6781
C1177,Swine,Feeder pigs,2024,Q3,export,67,WA,Pacific,46.5554,-123.7041,NV,N/A,39.3289,-116.6312
C1178,Cattle,"Beef cattle, cow-calf",2024,Q3,Intrastate,148,WA,King,47.5211,-121.8523,WA,Kittitas County,47.1244,-120.6781
C1179,Cattle,Beef cattle,2025,Q4,import,233,UT,N/A,39.3055,-111.6703,WA,Grant,47.2043,-119.4535
C1179,Small Ruminants,Goats,2025,Q3,import,603,OR,N/A,43.9336,-120.5583,WA,Spokane,47.6201,-117.4044
C1179,Equids,Horses,2025,1,Import,9,CA,N/A,37.1661,-119.4494,WA,Spokane,47.6201,-117.4044
C1180,Equids,Mules,2025,3,Imports,4150,MT,N/A,47.0527,-109.6333,WA,Grant,47.2043,-119.4535
C1181,Other,Llama,2025,Q4,Outbound,14,WA,King,47.4901,-121.8053,OR,N/A,43.9336,-120.5583
C1182,Other,Alpaca,2024,Q3,import,6,UT,N/A,39.3055,-111.6703,WA,Grant,47.2353,-119.5005
C1183,Poultry,Ducks,2025,Q3,Export,6,WA,Clallam,48.0502,-123.9298,MT,N/A,47.0527,-109.6333
C1184,Poultry,Chickens,2025,Q4,export,63,WA,Lincoln,47.5761,-118.4185,OR,N/A,43.9336,-120.5583
C1184,Small Ruminants,Sheep,2025,Q1,Imports,3,OR,N/A,43.9336,-120.5583,WA,Stevens,48.397,-117.8554
C1185,Other,Alpaca,2024,Q4,Import,60,NV,N/A,39.3289,-116.6312,WA,Island,48.1627,-122.5477
C1186,Equids,Horses,2025,Q2,import,50,OR,N/A,43.9336,-120.5583,WA,Kittitas,47.1244,-120.6781
C1187,Swine,Swine,2025,Q1,Imports,136,OR,N/A,43.9336,-120.5583,WA,Kittitas,47.1244,-120.6781
C1187,Equids,Mules,2025,Q3,Imports,1487,MT,N/A,47.0527,-109.6333,WA,Whatcom,48.8272,-121.7198
C1188,Other,Llama,2025,Q2,Outbound,2321,WA,Whitman,46.9008,-117.5231,CA,N/A,37.1661,-119.4494
C1189,Other,Alpaca,2024,Q3,EXPORTS,1231,WA,Yakima,46.4878,-120.7845,OR,N/A,43.9336,-120.5583
C1190,Other,Alpaca,2025,Q3,Imports,146,ID,N/A,44.3509,-114.613,WA,Whatcom,48.8272,-121.7198
C1191,Poultry,Turkeys,2024,Q2,Import,100,MT,N/A,47.0527,-109.6333,WA,Skamania,46.0224,-121.915
C1192,Swine,Swine,2024,Q1,Outbound,11,WA,Walla Walla,46.2296,-118.4785,MT,N/A,47.0527,-109.6333
C1193,Swine,Feeder pigs,2025,Q4,Outbound,4807,WA,Jefferson,47.7495,-123.5974,NV,N/A,39.3289,-116.6312
C1194,Swine,Feeder pigs,2025,Q4,export,1969,WA,Wahkiakum,46.2918,-123.4243,NV,N/A,39.3289,-116.6312
C1194,Cattle,Beef cattle,2024,Q2,Imports,394,OR,N/A,43.9336,-120.5583,WA,Columbia,46.2972,-117.9073
C1195,Small Ruminants,Goats,2024,Q4,EXPORTS,3123,WA,Jefferson,47.7495,-123.5974,OR,N/A,43.9336,-120.5583
C1196,Other,Llama,2025,Q2,Outbound,397,WA,King,47.4901,-121.8053,MT,N/A,47.0527,-109.6333
C1197,Equids,Horses,2024,Q4,Outbound,684,WA,Stevens,48.397,-117.8554,CA,N/A,37.1661,-119.4494
C1197,Small Ruminants,Goats,2024,Q4,Outbound,209,WA,Douglas,47.7357,-119.6935,NV,N/A,39.3289,-116.6312
C1198,Swine,Swine,2025,Q1,Export,267,WA,Garfield,46.4312,-117.545,MT,N/A,47.0527,-109.6333
C1199,Small Ruminants,Goats,2025,Q1,import,336,UT,N/A,39.3055,-111.6703,WA,Columbia,46.2972,-117.9073
C1200,Swine,Feeder pigs,2024,Q3,export,31,WA,Lewis,46.579,-122.3927,ID,N/A,44.3509,-114.613
C1200,Other,Llama,2025,Q4,intrastate,683,WA,Spokane,47.6201,-117.4044,WA,Pacific,46.5554,-123.7041
C1201,Poultry,Ducks,2024,Q2,import,980,CA,N/A,37.1661,-119.4494,WA,Ferry,48.4686,-118.5168
C1202,Cattle,"Beef cattle, cow-calf",2025,Q1,EXPORTS,8,WA,Grant,47.2043,-119.4535,OR,N/A,43.9336,-120.5583
C1203,Small Ruminants,Sheep,2025,Q1,Export,2452,WA,Klickitat,45.8746,-120.7893,UT,N/A,39.3055,-111.6703
C1204,Equids,Horses,2024,Q2,Outbound,2111,WA,Yakima,46.4878,-120.7845,OR,N/A,43.9336,-120.5583
C1204,Poultry,Ducks,2024,Q3,Import,0,MT,N/A,47.0527,-109.6333,WA,Chelan,47.8677,-120.6182
C1205,Small Ruminants,Sheep,2024,Q1,intrastate,155,WA,Grant,47.2353,-119.5005,WA,Yakima,46.4878,-120.7845
C1205,Equids,Mules,2024,Q1,import,74,NV,N/A,39.3289,-116.6312,WA,Whitman,46.9008,-117.5231
C1206,Swine,Feeder pigs,2024,Q2,Outbound,1037,WA,Columbia,46.2972,-117.9073,OR,N/A,43.9336,-120.5583
C1207,Equids,Mules,2024,Q2,export,2191,WA,Snohomish,48.0475,-121.6973,ID,N/A,44.3509,-114.613
C1208,Cattle,"Beef cattle, cow-calf",2024,4,import,252,CA,N/A,37.1661,-119.4494,WA,Cowlitz,46.1932,-122.6808
C1209,Poultry,Turkeys,2024,Q2,intrastate,2918,WA,Columbia County,46.2972,-117.9073,WA,Whatcom,48.8582,-121.7668
C1210,Other,Alpaca,2024,Q3,Imports,2900,MT,N/A,47.0527,-109.6333,WA,Whatcom,48.8582,-121.7668
C1211,Small Ruminants,Sheep,2024,Q1,Outbound,70,WA,Spokane,47.6511,-117.4514,MT,N/A,47.0527,-109.6333
C1212,Small Ruminants,Goats,2025,Q3,Export,32,WA,Yakima,46.4568,-120.7375,CA,N/A,37.1661,-119.4494
C1212,Equids,Mules,2025,Q2,Import,94,MT,N/A,47.0527,-109.6333,WA,Kittitas,47.1244,-120.6781
C1212,Cattle,Beef cattle,2024,Q1,Outbound,152,WA,Ferry,48.4686,-118.5168,CA,N/A,37.1661,-119.4494
C1213,Poultry,Chickens,2025,Q3,Outbound,398,WA,Franklin,46.5347,-118.8994,MT,N/A,47.0527,-109.6333
C1214,Cattle,Beef cattle,2025,Q2,export,10,WA,King,47.4901,-121.8053,NV,N/A,39.3289,-116.6312
C1215,Other,Alpaca,2024,Q2,Inbound,3392,ID,N/A,44.3509,-114.613,WA,Pend Oreille,48.531,-117.2739
C1215,Swine,Swine,2025,Q2,import,8,OR,N/A,43.9336,-120.5583,WA,Lewis,46.579,-122.3927
C1216,Small Ruminants,Sheep,2025,Q1,EXPORTS,n/a,WA,Island,48.1627,-122.5477,CA,N/A,37.1661,-119.4494
C1216,Poultry,Chickens,2024,Q2,import,434,NV,N/A,39.3289,-116.6312,WA,Spokane,47.6511,-117.4514
C1217,Poultry,Ducks,2025,Q4,Imports,163,NV,N/A,39.3289,-116.6312,WA,Whatcom,48.8272,-121.7198
C1217,Poultry,Turkeys,2025,Q4,Intrastate,28,WA,King,47.4901,-121.8053,WA,King,47.4901,-121.8053
C1218,Cattle,Beef cattle,2025,Q1,Outbound,137,WA,Stevens,48.397,-117.8554,ID,N/A,44.3509,-114.613
C1219,Equids,Horses,2024,Q1,Inbound,312,ID,N/A,44.3509,-114.613,WA,Kitsap,47.6125,-122.6764
C1220,Cattle,Dairy cattle,2024,Q3,intrastate,15,WA,Lincoln,47.5761,-118.4185,WA,Kitsap County,47.6125,-122.6764
C1221,Small Ruminants,Goats,2024,Q2,Outbound,3,WA,Clark,45.7791,-122.4825,UT,N/A,39.3055,-111.6703
C1222,Small Ruminants,Goats,2025,Q1,Outbound,154,WA,Spokane,47.6201,-117.4044,NV,N/A,39.3289,-116.6312
C1223,Poultry,Ducks,2024,Q4,Outbound,64,WA,Chelan,47.8677,-120.6182,MT,N/A,47.0527,-109.6333
C1224,Cattle,Beef cattle,2024,Q1,Export,303,WA,Yakima,46.4878,-120.7845,ID,N/A,44.3509,-114.613
C1224,Cattle,"Beef cattle, cow-calf",2025,Q2,export,5,WA,Spokane,47.6201,-117.4044,ID,N/A,44.3509,-114.613
C1224,Small Ruminants,Goats,2024,Q4,Imports,4,OR,N/A,43.9336,-120.5583,WA,Grant,47.2353,-119.5005
C1224,Equids,Horses,2024,Q1,Import,60,NV,N/A,39.3289,-116.6312,WA,King,47.5211,-121.8523
C1224,Small Ruminants,Goats,2024,Q3,Outbound,14,WA,King,47.5211,-121.8523,ID,N/A,44.3509,-114.613
C1225,Cattle,Beef cattle,2024,Q2,Outbound,49,WA,Jefferson,47.7495,-123.5974,NV,N/A,39.3289,-116.6312
C1226,Cattle,Dairy cattle,2025,Q1,intrastate,80,WA,Stevens,48.397,-117.8554,WA,Kitsap,47.6125,-122.6764
C1227,Other,Llama,2025,4,Intrastate,24,WA,Walla Walla,46.2296,-118.4785,WA,Cowlitz,46.1932,-122.6808
C1228,Equids,Horses,2024,3,EXPORTS,572,WA,Yakima County,46.4878,-120.7845,ID,N/A,44.3509,-114.613
C1229,Small Ruminants,Sheep,2025,Q1,Outbound,768,WA,Grant,47.2043,-119.4535,UT,N/A,39.3055,-111.6703
C1230,Cattle,Beef cattle,2024,Q2,import,35,ID,N/A,44.3509,-114.613,WA,Pacific,46.5554,-123.7041
C1231,Equids,Mules,2025,Q2,export,25,WA,Whatcom,48.8272,-121.7198,OR,N/A,43.9336,-120.5583
C1232,Other,Llama,2025,Q4,import,,OR,N/A,43.9336,-120.5583,WA,Klickitat,45.8746,-120.7893
C1233,Small Ruminants,Goats,2024,Q3,Intrastate,0,WA,Columbia,46.2972,-117.9073,WA,Kitsap,47.6125,-122.6764
C1233,Poultry,Ducks,2025,Q1,export,181,WA,Columbia,46.2972,-117.9073,UT,N/A,39.3055,-111.6703
C1234,Cattle,Beef cattle,2025,Q3,Export,4,WA,Yakima,46.4568,-120.7375,CA,N/A,37.1661,-119.4494
C1235,Cattle,"Beef cattle, cow-calf",2025,Q4,Outbound,5,WA,Pacific,46.5554,-123.7041,OR,N/A,43.9336,-120.5583
C1236,Poultry,Turkeys,2024,Q4,Imports,2079,NV,N/A,39.3289,-116.6312,WA,King,47.5211,-121.8523
C1237,Poultry,Ducks,2025,Q1,Imports,54,ID,N/A,44.3509,-114.613,WA,Yakima,46.4568,-120.7375
C1238,Cattle,Dairy cattle,2025,Q4,Imports,35,OR,N/A,43.9336,-120.5583,WA,Spokane,47.6201,-117.4044
C1238,Other,Alpaca,2025,Q1,Import,84,MT,N/A,47.0527,-109.6333,WA,Kittitas,47.1244,-120.6781
C1238,Other,Alpaca,2025,Q4,import,4116,NV,N/A,39.3289,-116.6312,WA,Mason,47.3481,-123.193
C1238,Small Ruminants,Goats,2024,Q1,Outbound,4,WA,Lincoln,47.5761,-118.4185,CA,N/A,37.1661,-119.4494
C1239,Swine,Feeder pigs,2025,Q4,Export,284,WA,Grant,47.2043,-119.4535,CA,N/A,37.1661,-119.4494
C1240,Equids,Horses,2025,Q1,Import,35,ID,N/A,44.3509,-114.613,WA,Grant,47.2043,-119.4535
C1240,Swine,Swine,2024,Q2,Inbound,245,NV,N/A,39.3289,-116.6312,WA,Spokane,47.6511,-117.4514
C1241,Small Ruminants,Goats,2024,Q3,export,2039,WA,Grant,47.2353,-119.5005,MT,N/A,47.0527,-109.6333
C1242,Poultry,Turkeys,2024,Q3,export,170,WA,Whatcom,48.8582,-121.7668,NV,N/A,39.3289,-116.6312
C1243,Other,Llama,2025,Q4,import,233,NV,N/A,39.3289,-116.6312,WA,Clark,45.7791,-122.4825
C1244,Poultry,Ducks,2025,Q4,Export,20,WA,Grant,47.2043,-119.4535,NV,N/A,39.3289,-116.6312
C1245,Small Ruminants,Goats,2025,Q1,Imports,130,ID,N/A,44.3509,-114.613,WA,Klickitat,45.8746,-120.7893
C1246,Poultry,Turkeys,2024,Q1,Imports,3454,OR,N/A,43.9336,-120.5583,WA,Klickitat,45.8746,-120.7893
C1247,Cattle,Beef cattle,2025,Q4,Imports,271,MT,N/A,47.0527,-109.6333,WA,Whatcom County,48.8272,-121.7198
C1248,Swine,Feeder pigs,2025,Q3,Export,381,WA,Skagit,48.4804,-121.7291,OR,N/A,43.9336,-120.5583
C1249,Cattle,"Beef cattle, cow-calf",2024,Q3,export,33,WA,Pend Oreille,48.531,-117.2739,ID,N/A,44.3509,-114.613
C1250,Swine,Swine,2025,Q4,Export,94,WA,Garfield,46.4312,-117.545,UT,N/A,39.3055,-111.6703
C1251,Equids,Mules,2025,Q4,import,164,OR,N/A,43.9336,-120.5583,WA,Garfield,46.4312,-117.545
C1252,Poultry,Chickens,2024,Q1,Export,1266,WA,Skamania,46.0224,-121.915,ID,N/A,44.3509,-114.613
C1253,Cattle,"Beef cattle, cow-calf",2024,Q1,export,12,WA,Spokane,47.6511,-117.4514,CA,N/A,37.1661,-119.4494
C1253,Cattle,"Beef cattle, cow-calf",2024,Q4,Inbound,85,NV,N/A,39.3289,-116.6312,WA,Yakima,46.4878,-120.7845
C1254,Equids,Horses,2025,Q4,Import,3709,MT,N/A,47.0527,-109.6333,WA,Stevens,48.397,-117.8554
C1255,Other,Llama,2025,Q2,Imports,63,ID,N/A,44.3509,-114.613,WA,Spokane,47.6201,-117.4044
C1256,Other,Alpaca,2025,Q2,Inbound,3,ID,N/A,44.3509,-114.613,WA,Whatcom,48.8272,-121.7198
C1257,Equids,Horses,2025,Q2,import,3,NV,N/A,39.3289,-116.6312,WA,Pierce,47.024,-122.1031
C1258,Other,Alpaca,2024,Q1,import,204,NV,N/A,39.3289,-116.6312,WA,Wahkiakum,46.2918,-123.4243
C1259,Swine,Feeder pigs,2025,Q1,import,2799,CA,N/A,37.1661,-119.4494,WA,Lewis,46.579,-122.3927
C1260,Poultry,Ducks,2024,Q2,EXPORTS,3,WA,Whatcom County,48.8582,-121.7668,ID,N/A,44.3509,-114.613
C1261,Small Ruminants,Sheep,2025,1,Import,1052,UT,N/A,39.3055,-111.6703,WA,Klickitat,45.8746,-120.7893
C1262,Small Ruminants,Goats,2025,Q1,Export,11,WA,Whatcom,48.8272,-121.7198,ID,N/A,44.3509,-114.613
C1262,Small Ruminants,Goats,2025,3,Inbound,20,CA,N/A,37.1661,-119.4494,WA,Whitman,46.9008,-117.5231
C1263,Swine,Swine,2025,Q1,Import,14,CA,N/A,37.1661,-119.4494,WA,Pacific,46.5554,-123.7041
C1264,Swine,Swine,2024,Q3,import,185,ID,N/A,44.3509,-114.613,WA,Ferry,48.4686,-118.5168
C1265,Cattle,"Beef cattle, cow-calf",2025,Q4,export,723,WA,Spokane,47.6201,-117.4044,NV,N/A,39.3289,-116.6312
C1265,Swine,Feeder pigs,2024,4,Import,8,ID,N/A,44.3509,-114.613,WA,Lincoln,47.5761,-118.4185
C1266,Swine,Swine,2025,Q1,export,275,WA,Columbia,46.2972,-117.9073,OR,N/A,43.9336,-120.5583
C1267,Other,Alpaca,2024,Q1,Export,2665,WA,Pend Oreille County,48.531,-117.2739,UT,N/A,39.3055,-111.6703
C1268,Cattle,"Beef cattle, cow-calf",2025,Q1,Inbound,172,OR,N/A,43.9336,-120.5583,WA,King,47.4901,-121.8053
C1269,Other,Alpaca,2024,Q1,Imports,2721,NV,N/A,39.3289,-116.6312,WA,Pacific,46.5554,-123.7041
C1269,Cattle,Beef cattle,2024,Q1,import,11,NV,N/A,39.3289,-116.6312,WA,Whitman,46.9008,-117.5231
C1270,Other,Alpaca,2025,Q1,Export,12,WA,Kittitas,47.1244,-120.6781,ID,N/A,44.3509,-114.613
C1270,Cattle,"Beef cattle, cow-calf",2025,Q4,Imports,102,NV,N/A,39.3289,-116.6312,WA,King,47.4901,-121.8053
C1270,Poultry,Ducks,2025,Q2,Imports,78,NV,N/A,39.3289,-116.6312,WA,Yakima,46.4568,-120.7375
C1271,Swine,Feeder pigs,2024,4,Intrastate,,WA,Whatcom,48.8582,-121.7668,WA,King,47.5211,-121.8523
C1272,Cattle,"Beef cattle, cow-calf",2025,Q3,import,4892,MT,N/A,47.0527,-109.6333,WA,Walla Walla,46.2296,-118.4785
C1272,Cattle,Dairy cattle,2024,Q1,import,2052,OR,N/A,43.9336,-120.5583,WA,Pacific,46.5554,-123.7041
C1273,Other,Llama,2025,Q2,Outbound,39,WA,Okanogan,48.5485,-119.7401,UT,N/A,39.3055,-111.6703
C1274,Small Ruminants,Sheep,2024,Q4,Export,2339,WA,King,47.5211,-121.8523,NV,N/A,39.3289,-116.6312
C1275,Small Ruminants,Goats,2025,Q2,EXPORTS,20,WA,Cowlitz,46.1932,-122.6808,OR,N/A,43.9336,-120.5583
C1276,Cattle,"Beef cattle, cow-calf",2025,Q3,Inbound,228,UT,N/A,39.3055,-111.6703,WA,King,,-121.8053
C1276,Cattle,"Beef cattle, cow-calf",2025,Q3,Import,804,CA,N/A,37.1661,-119.4494,WA,Garfield,46.4312,-117.545
C1277,Poultry,Ducks,2025,Q2,Import,392,CA,N/A,37.1661,-119.4494,WA,Skagit,48.4804,-121.7291
C1277,Small Ruminants,Goats,2025,Q2,Export,2057,WA,Yakima,46.4568,-120.7375,OR,N/A,43.9336,-120.5583
C1278,Swine,Feeder pigs,2024,Q1,export,,WA,Spokane,47.6511,-117.4514,NV,N/A,39.3289,-116.6312
C1279,Other,Llama,2025,Q2,Inbound,2682,OR,N/A,43.9336,-120.5583,WA,Mason County,47.3481,-123.193
C1279,Equids,Mules,2025,Q1,Imports,404,OR,N/A,43.9336,-120.5583,WA,Grant,47.2043,-119.4535
C1280,Small Ruminants,Goats,2024,Q1,Import,79,ID,N/A,44.3509,-114.613,WA,Yakima,46.4878,-120.7845
C1281,Swine,Feeder pigs,2025,Q2,Import,444,UT,N/A,39.3055,-111.6703,WA,Pend Oreille,48.531,-117.2739
C1282,Swine,Swine,2025,4,Import,16,UT,N/A,39.3055,-111.6703,WA,Grant,47.2043,-119.4535
C1282,Poultry,Chickens,2024,Q3,import,744,OR,N/A,43.9336,-120.5583,WA,Clallam,48.0502,-123.9298
C1282,Other,Alpaca,2024,Q1,Outbound,32,WA,Klickitat,45.8746,-120.7893,CA,N/A,37.1661,-119.4494
C1283,Small Ruminants,Goats,2024,Q3,Inbound,0,MT,N/A,47.0527,-109.6333,WA,Whatcom,48.8582,-121.7668
C1284,Equids,Horses,2025,Q4,Imports,1837,CA,N/A,37.1661,-119.4494,WA,Walla Walla,46.2296,-118.4785
C1284,Swine,Feeder pigs,2025,Q2,EXPORTS,3467,WA,Whatcom,48.8272,-121.7198,NV,N/A,39.3289,-116.6312
C1284,Other,Llama,2025,Q3,import,5,CA,N/A,37.1661,-119.4494,WA,Kitsap,47.6125,-122.6764
C1285,Cattle,"Beef cattle, cow-calf",2025,Q2,Inbound,2732,UT,N/A,39.3055,-111.6703,WA,Clark,45.7791,-122.4825
C1286,Poultry,Turkeys,2024,3,EXPORTS,4258,WA,Kittitas,47.1244,-120.6781,NV,N/A,39.3289,-116.6312
C1286,Other,Llama,2025,Q2,export,24,WA,Asotin,46.1916,-117.203,NV,N/A,39.3289,-116.6312
C1287,Other,Alpaca,2024,Q2,Export,,WA,Whatcom,48.8582,-121.7668,MT,N/A,47.0527,-109.6333
C1288,Equids,Mules,2024,Q4,import,265,UT,N/A,39.3055,-111.6703,WA,King,47.5211,-121.8523
C1289,Other,Alpaca,2024,Q1,Intrastate,189,WA,King,47.5211,-121.8523,WA,Kittitas,47.1244,-120.6781
C1289,Equids,Mules,2025,2,Inbound,13,ID,N/A,44.3509,-114.613,WA,Chelan,47.8677,-120.6182
C1290,Cattle,Beef cattle,2025,Q1,Import,945,OR,N/A,43.9336,-120.5583,WA,Spokane,47.6201,-117.4044
C1291,Swine,Swine,2025,1,intrastate,776,WA,Spokane,47.6201,-117.4044,WA,Yakima,46.4568,-120.7375
C1291,Poultry,Ducks,2025,Q2,EXPORTS,n/a,WA,Kittitas,47.1244,-120.6781,MT,N/A,47.0527,-109.6333
C1292,Equids,Mules,2024,Q2,Inbound,35,MT,N/A,47.0527,-109.6333,WA,Skagit,48.4804,-121.7291
C1293,Small Ruminants,Sheep,2025,4,Inbound,665,ID,N/A,44.3509,-114.613,WA,Columbia County,46.2972,-117.9073
C1293,Cattle,"Beef cattle, cow-calf",2025,Q4,Imports,161,UT,N/A,39.3055,-111.6703,WA,Skagit,48.4804,-121.7291
C1294,Poultry,Chickens,2025,Q1,Intrastate,5,WA,Klickitat,45.8746,-120.7893,WA,Klickitat,45.8746,-120.7893
C1295,Cattle,Dairy cattle,2025,Q4,Inbound,20,NV,N/A,39.3289,-116.6312,WA,Spokane,47.6201,-117.4044
C1296,Equids,Horses,2024,Q3,intrastate,38,WA,Columbia,46.2972,-117.9073,WA,Clark County,45.7791,-122.4825
C1297,Cattle,Beef cattle,2025,2,EXPORTS,14,WA,Kittitas,47.1244,-120.6781,UT,N/A,39.3055,-111.6703
C1297,Small Ruminants,Goats,2025,Q2,export,874,WA,Clark,45.7791,-122.4825,UT,N/A,39.3055,-111.6703
C1298,Cattle,"Beef cattle, cow-calf",2025,Q4,Export,95,WA,Douglas,47.7357,-119.6935,OR,N/A,43.9336,-120.5583
C1298,Cattle,"Beef cattle, cow-calf",2025,Q4,EXPORTS,2384,WA,Yakima,46.4568,-120.7375,OR,N/A,43.9336,-120.5583
C1298,Other,Llama,2024,3,Inbound,1586,UT,N/A,39.3055,-111.6703,WA,Grant,47.2353,-119.5005
C1299,Poultry,Ducks,2025,Q4,Export,3692,WA,Mason,47.3481,-123.193,OR,N/A,43.9336,-120.5583
C1300,Swine,Feeder pigs,2025,Q2,import,3,ID,N/A,44.3509,-114.613,WA,Pend Oreille,48.531,-117.2739
C1301,Poultry,Chickens,2025,Q2,intrastate,253,WA,Franklin,46.5347,-118.8994,WA,Columbia,46.2972,-117.9073
C1301,Poultry,Chickens,2025,Q4,Import,93,ID,N/A,44.3509,-114.613,WA,Garfield,46.4312,-117.545
C1302,Swine,Swine,2025,2,Intrastate,20,WA,Spokane County,47.6201,-117.4044,WA,Spokane,47.6201,-117.4044
C1303,Small Ruminants,Sheep,2024,Q2,Outbound,0,WA,Whatcom,48.8582,-121.7668,ID,N/A,44.3509,-114.613
C1303,Other,Alpaca,2025,Q4,Outbound,209,WA,Grant County,47.2043,-119.4535,UT,N/A,39.3055,-111.6703
C1304,Equids,Horses,2024,Q3,Import,6,OR,N/A,43.9336,-120.5583,WA,Clallam,48.0502,-123.9298
C1305,Small Ruminants,Sheep,2025,3,Imports,204,CA,N/A,37.1661,-119.4494,WA,Pend Oreille,48.531,-117.2739
C1306,Small Ruminants,Goats,2024,Q4,Inbound,91,MT,N/A,47.0527,-109.6333,WA,King County,47.5211,-121.8523
C1306,Other,Alpaca,2025,Q4,Imports,,UT,N/A,39.3055,-111.6703,WA,Whatcom,48.8272,-121.7198
C1306,Poultry,Turkeys,2024,3,Imports,5,ID,N/A,44.3509,-114.613,WA,Klickitat,45.8746,-120.7893
C1307,Swine,Feeder pigs,2025,Q4,EXPORTS,45,WA,Kitsap,47.6125,-122.6764,ID,N/A,44.3509,-114.613
C1307,Swine,Feeder pigs,2025,Q3,export,2183,WA,Chelan,47.8677,-120.6182,OR,N/A,43.9336,-120.5583
C1308,Cattle,"Beef cattle, cow-calf",2025,Q2,Imports,86,MT,N/A,47.0527,-109.6333,WA,Yakima,46.4568,-120.7375
C1308,Swine,Swine,2025,Q3,import,2326,MT,N/A,47.0527,-109.6333,WA,Grant,47.2043,-119.4535
C1309,Poultry,Turkeys,2024,Q1,EXPORTS,2537,WA,Yakima,46.4878,-120.7845,UT,N/A,39.3055,-111.6703
C1310,Other,Llama,2024,Q4,Import,46,ID,N/A,44.3509,-114.613,WA,Grant,47.2353,-119.5005
C1311,Swine,Feeder pigs,2025,3,intrastate,3,WA,Klickitat,45.8746,-120.7893,WA,Kitsap,47.6125,-122.6764
C1311,Cattle,"Beef cattle, cow-calf",2024,Q1,Intrastate,276,WA,Ferry,48.4686,-118.5168,WA,Pacific,46.5554,-123.7041
C1311,Small Ruminants,Goats,2024,3,Imports,7,OR,N/A,43.9336,-120.5583,WA,Okanogan,48.5485,-119.7401
C1312,Small Ruminants,Sheep,2025,Q1,Inbound,3,ID,N/A,44.3509,-114.613,WA,Yakima,46.4568,-120.7375
C1313,Small Ruminants,Sheep,2025,Q4,Export,116,WA,Kitsap County,,-122.6764,UT,N/A,39.3055,-111.6703
C1314,Poultry,Chickens,2024,Q1,import,0,CA,N/A,37.1661,-119.4494,WA,Whatcom,48.8582,-121.7668
C1315,Small Ruminants,Goats,2025,Q4,import,19,MT,N/A,47.0527,-109.6333,WA,Pend Oreille County,48.531,-117.2739
C1316,Swine,Feeder pigs,2024,Q1,EXPORTS,304,WA,Whitman,46.9008,-117.5231,CA,N/A,37.1661,-119.4494
C1317,Poultry,Chickens,2024,Q1,Export,4,WA,Grays Harbor,47.1497,-123.7725,NV,N/A,39.3289,-116.6312
C1318,Swine,Feeder pigs,2025,Q2,Outbound,445,WA,Clallam,48.0502,-123.9298,NV,N/A,39.3289,-116.6312
C1319,Small Ruminants,Sheep,2025,Q2,import,,UT,N/A,39.3055,-111.6703,WA,King,47.4901,-121.8053
C1319,Swine,Feeder pigs,2025,Q3,Imports,58,ID,N/A,44.3509,-114.613,WA,Mason,47.3481,-123.193
C1319,Equids,Horses,2024,Q3,Import,,NV,N/A,39.3289,-116.6312,WA,San Juan,48.5775,-122.9654
C1320,Poultry,Chickens,2024,Q4,Intrastate,25,WA,Kittitas,47.1244,-120.6781,WA,Ferry,48.4686,-118.5168
C1321,Equids,Mules,2024,Q2,Inbound,38,NV,N/A,39.3289,-116.6312,WA,Stevens,,-117.8554
C1322,Swine,Feeder pigs,2024,Q1,import,77,ID,N/A,44.3509,-114.613,WA,Walla Walla,46.2296,-118.4785
C1323,Equids,Mules,2025,Q4,intrastate,104,WA,Chelan County,47.8677,-120.6182,WA,Snohomish,48.0475,-121.6973
C1324,Other,Llama,2025,Q3,Inbound,721,MT,N/A,47.0527,-109.6333,WA,Clark,45.7791,-122.4825
C1324,Other,Alpaca,2025,Q2,Export,3,WA,Stevens,48.397,-117.8554,CA,N/A,37.1661,-119.4494
C1325,Small Ruminants,Sheep,2025,3,Inbound,3,OR,N/A,43.9336,-120.5583,WA,Jefferson,47.7495,-123.5974
C1326,Other,Llama,2024,Q3,import,6,MT,N/A,47.0527,-109.6333,WA,Walla Walla,46.2296,-118.4785
C1327,Other,Llama,2025,Q4,Export,16,WA,Columbia,46.2972,-117.9073,MT,N/A,47.0527,-109.6333
C1328,Small Ruminants,Sheep,2024,Q1,Export,12,WA,Spokane,47.6511,-117.4514,ID,N/A,44.3509,-114.613
C1329,Poultry,Chickens,2024,Q3,export,13,WA,Grant,47.2353,-119.5005,ID,N/A,44.3509,-114.613
C1329,Cattle,"Beef cattle, cow-calf",2025,Q3,export,222,WA,Clark,45.7791,-122.4825,MT,N/A,47.0527,-109.6333
C1330,Cattle,Beef cattle,2025,Q4,import,737,NV,N/A,39.3289,-116.6312,WA,Clark,45.7791,-122.4825
C1331,Other,Alpaca,2025,2,Outbound,18,WA,Pend Oreille,48.531,-117.2739,ID,N/A,44.3509,-114.613
C1332,Cattle,Beef cattle,2024,Q2,Import,10,CA,N/A,37.1661,-119.4494,WA,Grant,47.2353,-119.5005
C1332,Cattle,"Beef cattle, cow-calf",2025,Q1,Inbound,41,NV,N/A,39.3289,-116.6312,WA,Clallam,48.0502,-123.9298
C1333,Equids,Mules,2025,Q2,Export,13,WA,King,47.4901,-121.8053,ID,N/A,44.3509,-114.613
C1334,Small Ruminants,Sheep,2024,Q4,Imports,,CA,N/A,37.1661,-119.4494,WA,Clallam,48.0502,-123.9298
C1335,Cattle,Dairy cattle,2025,Q2,EXPORTS,59,WA,Spokane,47.6201,-117.4044,UT,N/A,39.3055,-111.6703
C1336,Other,Alpaca,2025,Q3,Inbound,3910,ID,N/A,44.3509,-114.613,WA,Island,48.1627,-122.5477
C1337,Equids,Horses,2025,Q1,Outbound,7,WA,Whatcom,48.8272,-121.7198,OR,N/A,43.9336,-120.5583
C1338,Small Ruminants,Goats,2024,Q1,intrastate,29,WA,Grant,47.2353,-119.5005,WA,Klickitat,45.8746,-120.7893
C1338,Poultry,Ducks,2025,Q4,Inbound,4,MT,N/A,47.0527,-109.6333,WA,Yakima,46.4568,-120.7375
C1339,Other,Llama,2024,Q3,import,20,MT,N/A,47.0527,-109.6333,WA,Spokane,47.6511,-117.4514
C1340,Small Ruminants,Sheep,2025,Q1,Import,,CA,N/A,37.1661,-119.4494,WA,Garfield,46.4312,-117.545
C1341,Cattle,"Beef cattle, cow-calf",2024,Q3,Import,5,CA,N/A,37.1661,-119.4494,WA,King,47.5211,-121.8523
C1342,Cattle,Beef cattle,2025,Q3,export,298,WA,Franklin,46.5347,-118.8994,UT,N/A,39.3055,-111.6703
C1342,Swine,Swine,2024,Q4,Imports,231,ID,N/A,44.3509,-114.613,WA,Whatcom,48.8582,-121.7668
C1342,Other,Alpaca,2024,Q4,Export,21,WA,Whatcom County,48.8582,-121.7668,ID,N/A,44.3509,-114.613
C1343,Equids,Mules,2024,Q1,Export,190,WA,Pend Oreille,48.531,-117.2739,NV,N/A,39.3289,-116.6312
C1344,Equids,Horses,2024,Q1,Imports,3147,CA,N/A,37.1661,-119.4494,WA,King,47.5211,-121.8523
C1344,Poultry,Ducks,2025,Q4,Outbound,3,WA,Columbia,46.2972,-117.9073,NV,N/A,39.3289,-116.6312
C1345,Equids,Horses,2025,Q1,export,529,WA,Kittitas,47.1244,-120.6781,CA,N/A,37.1661,-119.4494
C1345,Cattle,Beef cattle,2024,Q1,export,1071,WA,Yakima,46.4878,-120.7845,NV,N/A,39.3289,-116.6312
C1346,Swine,Feeder pigs,2024,Q1,Inbound,971,CA,N/A,37.1661,-119.4494,WA,Yakima,46.4878,-120.7845
C1346,Poultry,Chickens,2024,Q1,Import,66,OR,N/A,43.9336,-120.5583,WA,Yakima,46.4878,-120.7845
C1347,Cattle,Beef cattle,2024,Q2,Imports,4,CA,N/A,37.1661,-119.4494,WA,Spokane,47.6511,-117.4514
C1347,Equids,Mules,2025,Q1,Import,33,OR,N/A,43.9336,-120.5583,WA,Columbia,46.2972,-117.9073
C1347,Cattle,Beef cattle,2025,Q1,intrastate,176,WA,King County,47.4901,-121.8053,WA,Stevens,48.397,-117.8554
C1347,Other,Alpaca,2025,Q1,Import,850,OR,N/A,43.9336,-120.5583,WA,King,47.4901,-121.8053
C1348,Small Ruminants,Goats,2025,Q4,export,5,WA,Franklin,46.5347,-118.8994,OR,N/A,43.9336,-120.5583
C1349,Swine,Swine,2025,Q3,Inbound,439,CA,N/A,37.1661,-119.4494,WA,Whatcom,48.8272,-121.7198
C1350,Small Ruminants,Sheep,2025,Q2,intrastate,19,WA,Yakima,46.4568,-120.7375,WA,Pend Oreille,48.531,-117.2739
C1351,Swine,Swine,2024,Q3,export,176,WA,Lincoln,47.5761,-118.4185,ID,N/A,44.3509,-114.613
C1351,Small Ruminants,Sheep,2025,4,EXPORTS,1071,WA,Grant,47.2043,-119.4535,ID,N/A,44.3509,-114.613
C1352,Equids,Horses,2025,Q3,intrastate,19,WA,Whatcom,48.8272,-121.7198,WA,Stevens,48.397,-117.8554
C1353,Swine,Feeder pigs,2024,Q4,Inbound,1363,MT,N/A,47.0527,-109.6333,WA,Kittitas,47.1244,-120.6781
C1354,Swine,Swine,2024,Q4,export,744,WA,Clark,45.7791,-122.4825,OR,N/A,43.9336,-120.5583
C1354,Other,Alpaca,2024,Q4,Imports,26,NV,N/A,39.3289,-116.6312,WA,Grant,47.2353,-119.5005
C1355,Swine,Swine,2025,4,import,9,CA,N/A,37.1661,-119.4494,WA,Clark,45.7791,-122.4825
C1356,Other,Llama,2024,Q2,Export,3050,WA,Wahkiakum,46.2918,-123.4243,CA,N/A,37.1661,-119.4494
C1357,Cattle,Dairy cattle,2024,Q1,import,0,OR,N/A,43.9336,-120.5583,WA,Yakima,46.4878,-120.7845
C1357,Swine,Swine,2025,Q3,Intrastate,31,WA,Pend Oreille,48.531,-117.2739,WA,Pend Oreille,48.531,-117.2739
C1358,Equids,Horses,2024,Q4,export,1918,WA,Pend Oreille,48.531,-117.2739,NV,N/A,39.3289,-116.6312
C1358,Other,Llama,2025,Q1,import,183,UT,N/A,39.3055,-111.6703,WA,Whatcom,48.8272,-121.7198
C1358,Cattle,Dairy cattle,2025,Q1,Inbound,3501,UT,N/A,39.3055,-111.6703,WA,Stevens,48.397,-117.8554
C1359,Swine,Swine,2024,Q4,intrastate,520,WA,Mason,47.3481,-123.193,WA,Yakima,46.4878,-120.7845
C1360,Cattle,"Beef cattle, cow-calf",2024,Q4,Import,2128,ID,N/A,44.3509,-114.613,WA,San Juan,48.5775,-122.9654
C1360,Poultry,Chickens,2025,Q3,EXPORTS,0,WA,Whatcom,48.8272,-121.7198,UT,N/A,39.3055,-111.6703
C1361,Cattle,Beef cattle,2025,2,intrastate,32,WA,Skamania,46.0224,-121.915,WA,Whitman,46.9008,-117.5231
C1362,Small Ruminants,Sheep,2025,Q1,Outbound,172,WA,Walla Walla,46.2296,-118.4785,MT,N/A,47.0527,-109.6333
C1362,Equids,Mules,2024,Q4,EXPORTS,31,WA,Columbia,46.2972,-117.9073,ID,N/A,44.3509,-114.613
C1362,Equids,Horses,2025,Q1,EXPORTS,,WA,Yakima,46.4568,-120.7375,NV,N/A,39.3289,-116.6312
C1363,Other,Llama,2024,Q3,Import,5,ID,N/A,44.3509,-114.613,WA,King,47.5211,-121.8523
C1364,Other,Alpaca,2025,Q4,Outbound,125,WA,Kitsap,47.6125,-122.6764,MT,N/A,47.0527,-109.6333
C1364,Poultry,Turkeys,2025,Q4,Intrastate,273,WA,Kittitas,47.1244,-120.6781,WA,Whatcom,48.8272,-121.7198
C1365,Equids,Horses,2025,Q3,intrastate,3,WA,Clark,45.7791,-122.4825,WA,Kitsap County,47.6125,-122.6764
C1366,Poultry,Turkeys,2024,Q2,Export,651,WA,Grant County,47.2353,-119.5005,NV,N/A,39.3289,-116.6312
C1367,Small Ruminants,Goats,2025,Q4,Intrastate,188,WA,Stevens,48.397,-117.8554,WA,King,47.4901,-121.8053
C1368,Cattle,"Beef cattle, cow-calf",2024,Q1,EXPORTS,4359,WA,Stevens,48.397,-117.8554,NV,N/A,39.3289,-116.6312
C1368,Small Ruminants,Goats,2025,Q1,Inbound,86,MT,N/A,47.0527,-109.6333,WA,Grant,47.2043,-119.4535
C1369,Poultry,Ducks,2025,Q2,Imports,0,MT,N/A,47.0527,-109.6333,WA,Lincoln,47.5761,-118.4185
C1369,Cattle,"Beef cattle, cow-calf",2025,Q2,Export,122,WA,Clallam,48.0502,-123.9298,CA,N/A,37.1661,-119.4494
C1370,Poultry,Ducks,2025,Q4,intrastate,1361,WA,King,47.4901,-121.8053,WA,Ferry,48.4686,-118.5168
C1371,Cattle,"Beef cattle, cow-calf",2024,Q1,Import,698,MT,N/A,47.0527,-109.6333,WA,Pacific,46.5554,-123.7041
C1371,Cattle,"Beef cattle, cow-calf",2024,Q3,Import,16,MT,N/A,47.0527,-109.6333,WA,Whatcom County,48.8582,-121.7668
C1371,Equids,Horses,2025,Q3,Imports,2113,OR,N/A,43.9336,-120.5583,WA,Benton County,46.2392,-119.5109
C1372,Swine,Feeder pigs,2024,Q1,import,,OR,N/A,43.9336,-120.5583,WA,Pend Oreille County,48.531,-117.2739
C1373,Other,Alpaca,2024,Q1,Imports,18,OR,N/A,43.9336,-120.5583,WA,Walla Walla,46.2296,-118.4785
C1374,Equids,Horses,2024,1,intrastate,33,WA,Grant,47.2353,-119.5005,WA,Stevens,48.397,-117.8554
C1375,Cattle,Beef cattle,2024,Q1,Imports,126,UT,N/A,39.3055,-111.6703,WA,Yakima,46.4878,-120.7845
C1376,Poultry,Turkeys,2024,Q2,Inbound,15,OR,N/A,43.9336,-120.5583,WA,Whatcom,48.8582,-121.7668
C1376,Cattle,"Beef cattle, cow-calf",2024,Q4,Outbound,394,WA,Whatcom,48.8582,-121.7668,NV,N/A,39.3289,-116.6312
C1376,Small Ruminants,Goats,2024,Q1,Import,17,MT,N/A,47.0527,-109.6333,WA,Yakima,,-120.7845
C1377,Swine,Feeder pigs,2025,Q4,Outbound,381,WA,Jefferson County,47.7495,-123.5974,ID,N/A,44.3509,-114.613
C1377,Poultry,Chickens,2025,Q2,export,964,WA,Whatcom,48.8272,-121.7198,ID,N/A,44.3509,-114.613
C1378,Equids,Mules,2025,Q3,import,2681,ID,N/A,44.3509,-114.613,WA,Walla Walla,46.2296,-118.4785
C1379,Poultry,Chickens,2024,Q2,Export,1901,WA,Whitman,46.9008,-117.5231,CA,N/A,37.1661,-119.4494
C1380,Small Ruminants,Goats,2024,Q2,Outbound,1398,WA,King,47.5211,-121.8523,OR,N/A,43.9336,-120.5583
C1381,Other,Alpaca,2024,Q3,Imports,4,CA,N/A,37.1661,-119.4494,WA,Grant,47.2353,-119.5005
C1381,Poultry,Chickens,2025,Q3,Outbound,4,WA,Clark,,-122.4825,ID,N/A,44.3509,-114.613
C1382,Equids,Horses,2024,Q2,EXPORTS,7,WA,Kittitas,47.1244,-120.6781,NV,N/A,39.3289,-116.6312
C1382,Poultry,Turkeys,2025,Q3,EXPORTS,109,WA,Okanogan,48.5485,-119.7401,NV,N/A,39.3289,-116.6312
C1382,Cattle,"Beef cattle, cow-calf",2025,Q3,Export,0,WA,King,47.4901,-121.8053,ID,N/A,44.3509,-114.613
C1383,Small Ruminants,Sheep,2025,Q4,EXPORTS,1257,WA,Yakima,46.4568,-120.7375,ID,N/A,44.3509,-114.613
C1383,Equids,Mules,2024,Q3,Intrastate,650,WA,Grant,47.2353,-119.5005,WA,King,47.5211,-121.8523
C1384,Equids,Horses,2025,Q1,Export,267,WA,Pacific,46.5554,-123.7041,MT,N/A,47.0527,-109.6333
C1385,Other,Llama,2025,Q3,Import,1639,MT,N/A,47.0527,-109.6333,WA,Kitsap,47.6125,-122.6764
C1386,Other,Llama,2025,Q2,intrastate,,WA,Clallam County,48.0502,-123.9298,WA,Spokane,47.6201,-117.4044
C1387,Equids,Horses,2025,Q3,import,262,UT,N/A,39.3055,-111.6703,WA,Pend Oreille,48.531,-117.2739
C1388,Poultry,Chickens,2025,Q3,EXPORTS,3,WA,Yakima,46.4568,-120.7375,MT,N/A,47.0527,-109.6333
C1389,Small Ruminants,Sheep,2025,Q4,EXPORTS,1180,WA,Spokane,47.6201,-117.4044,OR,N/A,43.9336,-120.5583
C1390,Other,Alpaca,2025,Q2,Intrastate,506,WA,Whatcom,48.8272,-121.7198,WA,Stevens,48.397,-117.8554
C1390,Other,Alpaca,2025,1,Intrastate,231,WA,Snohomish,48.0475,-121.6973,WA,Kitsap,47.6125,-122.6764
C1391,Other,Alpaca,2025,3,import,4,OR,N/A,43.9336,-120.5583,WA,Columbia,46.2972,-117.9073
C1392,Poultry,Turkeys,2024,Q1,Intrastate,0,WA,Grant,47.2353,-119.5005,WA,Yakima,46.4878,-120.7845
C1393,Equids,Horses,2025,Q2,intrastate,2511,WA,Klickitat,45.8746,-120.7893,WA,Kittitas,47.1244,-120.6781
C1394,Equids,Horses,2025,Q2,import,364,ID,N/A,44.3509,-114.613,WA,Mason County,47.3481,-123.193
C1395,Swine,Feeder pigs,2024,Q1,Outbound,715,WA,Clark,45.7791,-122.4825,ID,N/A,44.3509,-114.613
C1395,Poultry,Ducks,2024,4,Export,0,WA,Yakima,46.4878,-120.7845,UT,N/A,39.3055,-111.6703
C1396,Small Ruminants,Sheep,2024,Q2,EXPORTS,482,WA,Klickitat,45.8746,-120.7893,ID,N/A,44.3509,-114.613
C1397,Swine,Swine,2025,Q1,intrastate,3210,WA,Whatcom,48.8272,-121.7198,WA,Whitman,46.9008,-117.5231
C1398,Cattle,Beef cattle,2024,Q2,Imports,163,CA,N/A,37.1661,-119.4494,WA,Grant,47.2353,-119.5005
C1398,Poultry,Turkeys,2024,Q2,Outbound,20,WA,San Juan,48.5775,-122.9654,OR,N/A,43.9336,-120.5583
C1398,Other,Alpaca,2024,Q1,Import,4296,NV,N/A,39.3289,-116.6312,WA,Asotin,46.1916,-117.203
C1399,Small Ruminants,Goats,2024,Q3,Imports,3443,ID,N/A,44.3509,-114.613,WA,Douglas,47.7357,-119.6935
C1400,Cattle,"Beef cattle, cow-calf",2024,Q2,Export,110,WA,King,47.5211,-121.8523,OR,N/A,43.9336,-120.5583
C1401,Other,Llama,2025,Q1,Inbound,3579,CA,N/A,37.1661,-119.4494,WA,Snohomish,48.0475,-121.6973
C1401,Other,Llama,2025,Q4,Outbound,633,WA,Garfield,46.4312,-117.545,NV,N/A,39.3289,-116.6312
C1402,Small Ruminants,Sheep,2024,Q2,Imports,4,NV,N/A,39.3289,-116.6312,WA,Grant,47.2353,-119.5005
C1403,Small Ruminants,Goats,2025,Q3,Imports,6,MT,N/A,47.0527,-109.6333,WA,Spokane,47.6201,-117.4044
C1403,Other,Alpaca,2024,4,Intrastate,3,WA,Jefferson,47.7495,-123.5974,WA,King,47.5211,-121.8523
C1404,Equids,Horses,2024,Q3,export,21,WA,Grant,47.2353,-119.5005,OR,N/A,43.9336,-120.5583
C1405,Poultry,Chickens,2024,Q4,Import,712,MT,N/A,47.0527,-109.6333,WA,King,47.5211,-121.8523
C1405,Other,Alpaca,2024,Q4,Inbound,63,OR,N/A,43.9336,-120.5583,WA,Whatcom,48.8582,-121.7668
C1405,Cattle,Dairy cattle,2025,Q3,Imports,213,NV,N/A,39.3289,-116.6312,WA,Pacific,46.5554,-123.7041
C1406,Swine,Feeder pigs,2024,Q2,export,741,WA,King,47.5211,-121.8523,ID,N/A,44.3509,-114.613
C1407,Other,Llama,2025,Q1,import,1187,ID,N/A,44.3509,-114.613,WA,Spokane,47.6201,-117.4044
C1408,Swine,Feeder pigs,2024,Q3,EXPORTS,2842,WA,San Juan,48.5775,-122.9654,UT,N/A,39.3055,-111.6703
C1408,Other,Alpaca,2024,Q4,export,526,WA,Yakima,46.4878,-120.7845,OR,N/A,43.9336,-120.5583
C1409,Small Ruminants,Goats,2025,Q4,Import,18,MT,N/A,47.0527,-109.6333,WA,King,47.4901,-121.8053
C1409,Other,Alpaca,2024,Q4,Intrastate,6,WA,Franklin,46.5347,-118.8994,WA,Snohomish,48.0475,-121.6973
C1409,Poultry,Turkeys,2024,Q4,import,n/a,UT,N/A,39.3055,-111.6703,WA,Stevens,48.397,-117.8554
C1410,Swine,Feeder pigs,2025,Q4,Export,15,WA,Yakima,46.4568,-120.7375,ID,N/A,44.3509,-114.613
C1410,Small Ruminants,Goats,2025,3,import,24,ID,N/A,44.3509,-114.613,WA,Whatcom,48.8272,-121.7198
C1411,Poultry,Turkeys,2024,4,Imports,330,OR,N/A,43.9336,-120.5583,WA,Benton,46.2392,-119.5109
C1412,Swine,Feeder pigs,2025,Q4,EXPORTS,1613,WA,Garfield,46.4312,-117.545,UT,N/A,39.3055,-111.6703
C1412,Other,Llama,2025,Q4,Imports,2849,CA,N/A,37.1661,-119.4494,WA,Whatcom,48.8272,-121.7198
C1413,Cattle,Dairy cattle,2024,Q1,export,3,WA,Stevens,48.397,-117.8554,OR,N/A,43.9336,-120.5583
C1414,Swine,Feeder pigs,2024,Q1,Import,4,MT,N/A,47.0527,-109.6333,WA,Whatcom,48.8582,-121.7668
C1415,Poultry,Turkeys,2024,Q2,export,351,WA,Spokane,47.6511,-117.4514,UT,N/A,39.3055,-111.6703
C1416,Poultry,Ducks,2025,Q2,import,874,CA,N/A,37.1661,-119.4494,WA,Franklin,46.5347,-118.8994
C1417,Other,Alpaca,2024,Q3,Intrastate,1487,WA,Grant,47.2353,-119.5005,WA,Whatcom,48.8582,-121.7668
C1418,Other,Alpaca,2025,Q4,export,n/a,WA,Clark County,45.7791,-122.4825,NV,N/A,39.3289,-116.6312
C1419,Poultry,Chickens,2025,Q3,Import,16,ID,N/A,44.3509,-114.613,WA,Spokane,47.6201,-117.4044
C1420,Cattle,Dairy cattle,2025,Q1,import,,CA,N/A,37.1661,-119.4494,WA,Kittitas,47.1244,-120.6781
C1421,Other,Llama,2024,Q1,intrastate,2232,WA,Spokane,47.6511,-117.4514,WA,Pacific,46.5554,-123.7041
C1422,Poultry,Turkeys,2024,Q2,Imports,326,OR,N/A,43.9336,-120.5583,WA,Garfield,46.4312,-117.545
C1422,Small Ruminants,Sheep,2025,Q1,Inbound,1199,CA,N/A,37.1661,-119.4494,WA,King,47.4901,-121.8053
C1423,Other,Llama,2024,Q1,import,1782,MT,N/A,47.0527,-109.6333,WA,Okanogan,48.5485,-119.7401
C1424,Swine,Swine,2024,Q3,import,40,UT,N/A,39.3055,-111.6703,WA,King,47.5211,-121.8523
C1425,Poultry,Ducks,2024,Q2,Imports,3979,ID,N/A,44.3509,-114.613,WA,Whatcom,48.8582,-121.7668
C1426,Small Ruminants,Goats,2024,2,import,5,ID,N/A,44.3509,-114.613,WA,King,,-121.8523
C1427,Cattle,"Beef cattle, cow-calf",2024,1,Outbound,3,WA,Snohomish,48.0475,-121.6973,ID,N/A,44.3509,-114.613
C1428,Small Ruminants,Goats,2024,Q2,Outbound,318,WA,Garfield,46.4312,-117.545,CA,N/A,37.1661,-119.4494
C1429,Cattle,"Beef cattle, cow-calf",2024,Q1,EXPORTS,480,WA,Yakima County,46.4878,-120.7845,NV,N/A,39.3289,-116.6312
C1430,Other,Alpaca,2024,2,Imports,96,UT,N/A,39.3055,-111.6703,WA,Whatcom County,48.8582,-121.7668
C1431,Small Ruminants,Goats,2025,Q1,Export,,WA,Grant,47.2043,-119.4535,UT,N/A,39.3055,-111.6703
C1432,Other,Alpaca,2024,Q2,Inbound,1362,CA,N/A,37.1661,-119.4494,WA,Spokane,47.6511,-117.4514
C1433,Poultry,Chickens,2024,Q1,EXPORTS,309,WA,Whitman,46.9008,-117.5231,ID,N/A,44.3509,-114.613
C1433,Equids,Mules,2024,Q2,Inbound,1295,UT,N/A,39.3055,-111.6703,WA,Grant,47.2353,-119.5005
C1434,Swine,Swine,2025,Q1,export,36,WA,San Juan,48.5775,-122.9654,ID,N/A,44.3509,-114.613
C1435,Small Ruminants,Goats,2025,Q3,import,761,MT,N/A,47.0527,-109.6333,WA,Kitsap,47.6125,-122.6764
C1435,Other,Alpaca,2024,Q2,export,39,WA,Klickitat,45.8746,-120.7893,OR,N/A,43.9336,-120.5583
C1436,Poultry,Turkeys,2025,Q4,Imports,n/a,UT,N/A,39.3055,-111.6703,WA,Garfield,46.4312,-117.545
C1436,Other,Alpaca,2025,Q3,intrastate,1046,WA,Chelan,47.8677,-120.6182,WA,Yakima,46.4568,-120.7375
C1437,Swine,Feeder pigs,2025,Q1,import,129,UT,N/A,39.3055,-111.6703,WA,Whatcom,48.8272,-121.7198
C1438,Other,Alpaca,2024,Q3,import,500,UT,N/A,39.3055,-111.6703,WA,Franklin,46.5347,-118.8994
C1439,Small Ruminants,Sheep,2025,Q4,Imports,11,MT,N/A,47.0527,-109.6333,WA,Yakima,46.4568,-120.7375
C1440,Small Ruminants,Goats,2024,Q1,export,62,WA,Yakima,46.4878,-120.7845,CA,N/A,37.1661,-119.4494
C1440,Cattle,Dairy cattle,2025,Q2,Imports,172,UT,N/A,39.3055,-111.6703,WA,Spokane,47.6201,-117.4044
C1441,Other,Alpaca,2024,Q4,intrastate,10,WA,Pend Oreille,48.531,-117.2739,WA,Klickitat,45.8746,-120.7893
C1442,Poultry,Turkeys,2025,Q2,Inbound,4,OR,N/A,43.9336,-120.5583,WA,King,47.4901,-121.8053
C1443,Equids,Horses,2025,Q3,Import,25,NV,N/A,39.3289,-116.6312,WA,Stevens,48.397,-117.8554
C1444,Other,Llama,2024,Q2,intrastate,1286,WA,Grant,47.2353,-119.5005,WA,Spokane,47.6511,-117.4514
C1445,Swine,Swine,2025,Q4,intrastate,2430,WA,Adams,46.9835,-118.5611,WA,Spokane,47.6201,-117.4044
C1445,Other,Llama,2025,Q3,Outbound,197,WA,Grant,47.2043,-119.4535,CA,N/A,37.1661,-119.4494
C1445,Swine,Swine,2025,Q1,Inbound,3,ID,N/A,44.3509,-114.613,WA,Yakima,46.4568,-120.7375
C1446,Other,Alpaca,2025,Q4,Imports,5,ID,N/A,44.3509,-114.613,WA,Stevens,48.397,-117.8554
C1447,Other,Alpaca,2024,Q1,Imports,4,UT,N/A,39.3055,-111.6703,WA,Thurston,46.9256,-122.833
C1448,Poultry,Turkeys,2025,Q1,Export,21,WA,King,47.4901,-121.8053,NV,N/A,39.3289,-116.6312
C1448,Poultry,Turkeys,2024,Q4,export,34,WA,Franklin,46.5347,-118.8994,ID,N/A,44.3509,-114.613
C1449,Other,Alpaca,2025,Q3,intrastate,85,WA,Pacific,46.5554,-123.7041,WA,Skagit,48.4804,-121.7291
C1450,Small Ruminants,Goats,2025,Q1,Intrastate,4,WA,Douglas,47.7357,-119.6935,WA,Grant,47.2043,-119.4535
C1451,Small Ruminants,Goats,2025,Q4,intrastate,5,WA,Yakima County,46.4568,-120.7375,WA,Whatcom,48.8272,-121.7198
C1452,Small Ruminants,Goats,2024,1,Inbound,41,ID,N/A,44.3509,-114.613,WA,Franklin,46.5347,-118.8994
C1453,Cattle,Dairy cattle,2024,Q2,intrastate,4350,WA,Franklin,46.5347,-118.8994,WA,Yakima,46.4878,-120.7845
C1454,Equids,Mules,2025,Q2,export,2121,WA,Whatcom,48.8272,-121.7198,OR,N/A,43.9336,-120.5583
C1455,Swine,Swine,2024,4,Import,17,NV,N/A,39.3289,-116.6312,WA,Whitman,,-117.5231
C1456,Small Ruminants,Goats,2025,Q2,Import,3,UT,N/A,39.3055,-111.6703,WA,Pend Oreille,48.531,-117.2739
C1457,Other,Llama,2025,Q2,intrastate,25,WA,Skagit,48.4804,-121.7291,WA,Kittitas,47.1244,-120.6781
C1458,Equids,Horses,2024,Q1,Inbound,806,UT,N/A,39.3055,-111.6703,WA,Asotin,46.1916,-117.203
C1458,Equids,Mules,2024,Q4,Export,259,WA,Chelan,47.8677,-120.6182,MT,N/A,47.0527,-109.6333
C1459,Small Ruminants,Sheep,2025,Q4,Outbound,436,WA,Clark,45.7791,-122.4825,MT,N/A,47.0527,-109.6333
C1460,Other,Llama,2024,Q3,Intrastate,18,WA,Franklin,46.5347,-118.8994,WA,Yakima,46.4878,-120.7845
C1461,Small Ruminants,Sheep,2025,1,Intrastate,3,WA,Wahkiakum,46.2918,-123.4243,WA,Spokane,47.6201,-117.4044
C1462,Other,Alpaca,2025,Q2,Intrastate,69,WA,Whitman County,46.9008,-117.5231,WA,Mason,47.3481,-123.193
C1463,Small Ruminants,Goats,2025,Q4,Imports,1923,NV,N/A,39.3289,-116.6312,WA,Walla Walla,46.2296,-118.4785
C1464,Cattle,"Beef cattle, cow-calf",2024,Q1,Import,1270,UT,N/A,39.3055,-111.6703,WA,Pend Oreille,48.531,-117.2739
C1464,Equids,Mules,2024,Q4,Export,608,WA,King,47.5211,-121.8523,OR,N/A,43.9336,-120.5583
C1465,Cattle,Beef cattle,2024,Q3,Intrastate,123,WA,Jefferson,47.7495,-123.5974,WA,King,47.5211,-121.8523
C1466,Poultry,Ducks,2025,Q3,import,7,OR,N/A,43.9336,-120.5583,WA,Benton,46.2392,-119.5109
C1467,Cattle,"Beef cattle, cow-calf",2024,Q3,EXPORTS,,WA,Pierce,47.024,-122.1031,MT,N/A,47.0527,-109.6333
C1468,Equids,Horses,2025,Q4,Imports,10,OR,N/A,43.9336,-120.5583,WA,Mason,47.3481,-123.193
C1469,Swine,Feeder pigs,2025,Q3,Inbound,11,CA,N/A,37.1661,-119.4494,WA,Pacific,46.5554,-123.7041
C1470,Poultry,Ducks,2024,Q2,export,2460,WA,Klickitat,45.8746,-120.7893,ID,N/A,44.3509,-114.613
C1471,Other,Llama,2025,Q2,Export,28,WA,Yakima,46.4568,-120.7375,OR,N/A,43.9336,-120.5583
C1472,Poultry,Turkeys,2024,Q4,Outbound,144,WA,Spokane,47.6511,-117.4514,UT,N/A,39.3055,-111.6703
C1473,Other,Llama,2025,3,Imports,929,ID,N/A,44.3509,-114.613,WA,Lincoln County,47.5761,-118.4185
C1473,Cattle,"Beef cattle, cow-calf",2024,Q2,Import,2213,ID,N/A,44.3509,-114.613,WA,Clallam,48.0502,-123.9298
C1473,Other,Alpaca,2025,Q3,export,2446,WA,Franklin,46.5347,-118.8994,UT,N/A,39.3055,-111.6703
C1474,Equids,Horses,2025,Q4,EXPORTS,0,WA,Lincoln,47.5761,-118.4185,MT,N/A,47.0527,-109.6333
C1475,Cattle,"Beef cattle, cow-calf",2024,Q4,Import,3626,CA,N/A,37.1661,-119.4494,WA,Ferry,48.4686,-118.5168
C1476,Equids,Mules,2025,2,Imports,295,OR,N/A,43.9336,-120.5583,WA,Yakima,46.4568,-120.7375
C1477,Equids,Mules,2024,1,export,72,WA,Garfield,46.4312,-117.545,ID,N/A,44.3509,-114.613
C1477,Cattle,Beef cattle,2024,Q1,EXPORTS,3,WA,Skagit,48.4804,-121.7291,CA,N/A,37.1661,-119.4494
C1478,Swine,Swine,2024,Q3,Intrastate,163,WA,Asotin,46.1916,-117.203,WA,King,47.5211,-121.8523
C1479,Poultry,Ducks,2024,Q2,Imports,3668,CA,N/A,37.1661,-119.4494,WA,Whatcom,48.8582,-121.7668
C1480,Poultry,Ducks,2025,Q3,EXPORTS,,WA,Klickitat,45.8746,-120.7893,ID,N/A,44.3509,-114.613
C1480,Small Ruminants,Sheep,2025,Q1,import,1583,CA,N/A,37.1661,-119.4494,WA,Grant,47.2043,-119.4535
C1480,Equids,Horses,2025,2,Export,4060,WA,Whatcom,48.8272,-121.7198,UT,N/A,39.3055,-111.6703
C1481,Poultry,Chickens,2025,Q4,import,3,OR,N/A,43.9336,-120.5583,WA,Walla Walla,46.2296,-118.4785
C1481,Equids,Mules,2025,Q1,import,6,CA,N/A,37.1661,-119.4494,WA,Walla Walla County,46.2296,-118.4785
C1482,Swine,Feeder pigs,2025,Q3,Outbound,5,WA,Yakima,46.4568,-120.7375,ID,N/A,44.3509,-114.613
C1482,Equids,Mules,2024,2,export,127,WA,Pacific,46.5554,-123.7041,CA,N/A,37.1661,-119.4494
C1483,Equids,Horses,2024,Q4,Inbound,15,NV,N/A,39.3289,-116.6312,WA,Kittitas,47.1244,-120.6781
C1484,Other,Llama,2025,Q3,Import,1612,CA,N/A,37.1661,-119.4494,WA,Skamania,46.0224,-121.915
C1485,Small Ruminants,Sheep,2025,3,export,304,WA,Yakima,46.4568,-120.7375,ID,N/A,44.3509,-114.613
C1486,Poultry,Ducks,2025,Q1,import,25,NV,N/A,39.3289,-116.6312,WA,Skagit,48.4804,-121.7291
C1487,Poultry,Chickens,2025,Q3,Import,2669,NV,N/A,39.3289,-116.6312,WA,King,47.4901,-121.8053
C1487,Other,Alpaca,2025,Q4,Import,1844,NV,N/A,39.3289,-116.6312,WA,Grant,47.2043,-119.4535
C1488,Poultry,Chickens,2024,Q2,Outbound,2778,WA,Grant,47.2353,-119.5005,MT,N/A,47.0527,-109.6333
C1488,Other,Alpaca,2024,Q3,Export,7,WA,Clark,45.7791,-122.4825,UT,N/A,39.3055,-111.6703
C1489,Poultry,Turkeys,2024,2,intrastate,424,WA,Grant,47.2353,-119.5005,WA,Klickitat,45.8746,-120.7893
C1489,Cattle,"Beef cattle, cow-calf",2024,Q4,,6,MT,N/A,47.0527,-109.6333,WA,Clark,45.7791,-122.4825
C1489,Cattle,Beef cattle,2024,Q1,Intrastate,49,WA,Columbia,46.2972,-117.9073,WA,Garfield,46.4312,-117.545
C1490,Small Ruminants,Goats,2025,2,Inbound,185,OR,N/A,43.9336,-120.5583,WA,King,47.4901,-121.8053
C1490,Poultry,Turkeys,2025,4,EXPORTS,5,WA,Spokane,47.6201,-117.4044,MT,N/A,47.0527,-109.6333
C1491,Swine,Swine,2024,Q2,Outbound,0,WA,Stevens,48.397,-117.8554,ID,N/A,44.3509,-114.613
C1492,Cattle,Beef cattle,2024,Q4,Imports,2906,ID,N/A,44.3509,-114.613,WA,Whatcom,48.8582,-121.7668
C1492,Swine,Feeder pigs,2024,Q3,export,853,WA,Grant,47.2353,-119.5005,MT,N/A,47.0527,-109.6333
C1493,Other,Alpaca,2024,3,Intrastate,349,WA,Spokane,47.6511,-117.4514,WA,Whatcom,48.8582,-121.7668
C1494,Cattle,"Beef cattle, cow-calf",2025,Q2,EXPORTS,139,WA,Grant,47.2043,-119.4535,UT,N/A,39.3055,-111.6703
C1494,Equids,Mules,2025,1,intrastate,235,WA,Klickitat,45.8746,-120.7893,WA,Spokane,47.6201,-117.4044
C1495,Other,Alpaca,2024,Q2,Export,764,WA,Franklin,46.5347,-118.8994,OR,N/A,43.9336,-120.5583
C1496,Cattle,"Beef cattle, cow-calf",2024,Q1,Import,2457,UT,N/A,39.3055,-111.6703,WA,Grant,47.2353,-119.5005
C1496,Swine,Swine,2025,Q1,Intrastate,2964,WA,Clallam County,48.0502,-123.9298,WA,Whatcom,48.8272,-121.7198
C1497,Other,Alpaca,2025,Q2,Export,310,WA,Whatcom,48.8272,-121.7198,CA,N/A,37.1661,-119.4494
C1497,Equids,Horses,2024,Q4,Imports,52,MT,N/A,47.0527,-109.6333,WA,Island,48.1627,-122.5477
C1498,Other,Alpaca,2025,Q2,Export,42,WA,Pacific,46.5554,-123.7041,ID,N/A,44.3509,-114.613
C1499,Equids,Mules,2024,Q4,import,64,OR,N/A,43.9336,-120.5583,WA,Stevens,48.397,-117.8554
C1499,Swine,Swine,2024,Q3,export,40,WA,King,47.5211,-121.8523,MT,N/A,47.0527,-109.6333
C1500,Equids,Horses,2025,Q2,Imports,4402,OR,N/A,43.9336,-120.5583,WA,King,47.4901,-121.8053
C1501,Small Ruminants,Goats,2025,Q2,Intrastate,15,WA,Spokane,47.6201,-117.4044,WA,Spokane,47.6201,-117.4044
C1502,Poultry,Ducks,2025,Q2,intrastate,0,WA,Clallam,48.0502,-123.9298,WA,Spokane County,47.6201,-117.4044
C1503,Equids,Horses,2025,Q2,Export,8,WA,Clallam,48.0502,-123.9298,OR,N/A,43.9336,-120.5583
C1504,Poultry,Ducks,2025,Q1,EXPORTS,756,WA,Kitsap,47.6125,-122.6764,ID,N/A,44.3509,-114.613
C1505,Small Ruminants,Sheep,2025,Q1,EXPORTS,347,WA,Grant,47.2043,-119.4535,UT,N/A,39.3055,-111.6703
C1505,Small Ruminants,Goats,2024,Q1,Imports,112,CA,N/A,37.1661,-119.4494,WA,Ferry,48.4686,-118.5168
C1506,Small Ruminants,Sheep,2024,Q4,Inbound,49,UT,N/A,39.3055,-111.6703,WA,Spokane County,47.6511,-117.4514
C1506,Poultry,Ducks,2025,Q2,Import,6,CA,N/A,37.1661,-119.4494,WA,Garfield,46.4312,-117.545
C1507,Swine,Feeder pigs,2025,Q4,Outbound,368,WA,Spokane,47.6201,-117.4044,UT,N/A,39.3055,-111.6703
C1508,Other,Alpaca,2024,Q1,Intrastate,6,WA,Whatcom,48.8582,-121.7668,WA,Grant,47.2353,-119.5005
C1509,Poultry,Chickens,2024,4,Imports,93,MT,N/A,47.0527,-109.6333,WA,Yakima,46.4878,-120.7845
C1510,Swine,Swine,2025,Q2,EXPORTS,253,WA,Columbia,46.2972,-117.9073,ID,N/A,44.3509,-114.613
C1511,Small Ruminants,Sheep,2024,Q2,Import,17,NV,N/A,39.3289,-116.6312,WA,Pend Oreille,48.531,-117.2739
C1512,Poultry,Turkeys,2024,Q3,EXPORTS,1608,WA,Snohomish,48.0475,-121.6973,CA,N/A,37.1661,-119.4494
C1513,Other,Alpaca,2024,Q1,import,114,NV,N/A,39.3289,-116.6312,WA,King,47.5211,-121.8523
C1513,Equids,Mules,2025,Q4,Export,0,WA,Kitsap,47.6125,-122.6764,UT,N/A,39.3055,-111.6703
C1513,Other,Alpaca,2024,Q4,export,166,WA,Whitman,46.9008,-117.5231,NV,N/A,39.3289,-116.6312
C1514,Equids,Mules,2025,Q4,Imports,3625,ID,N/A,44.3509,-114.613,WA,Spokane,47.6201,-117.4044
C1515,Equids,Horses,2025,4,intrastate,110,WA,Whitman,46.9008,-117.5231,WA,Columbia,46.2972,-117.9073
C1515,Cattle,Dairy cattle,2025,4,import,227,MT,N/A,47.0527,-109.6333,WA,Spokane,47.6201,-117.4044
C1516,Small Ruminants,Goats,2025,Q2,EXPORTS,35,WA,Whatcom,48.8272,-121.7198,CA,N/A,37.1661,-119.4494
C1516,Poultry,Turkeys,2025,Q3,Imports,521,OR,N/A,43.9336,-120.5583,WA,Columbia,46.2972,-117.9073
C1516,Small Ruminants,Sheep,2024,Q2,Import,1561,CA,N/A,37.1661,-119.4494,WA,Jefferson,47.7495,-123.5974
C1516,Swine,Swine,2025,Q4,intrastate,0,WA,Columbia,46.2972,-117.9073,WA,King,47.4901,-121.8053
C1517,Other,Alpaca,2024,Q1,import,1014,UT,N/A,39.3055,-111.6703,WA,Clallam,48.0502,-123.9298
C1518,Poultry,Turkeys,2024,Q2,export,5,WA,Stevens County,48.397,-117.8554,MT,N/A,47.0527,-109.6333
C1518,Equids,Mules,2025,Q1,export,14,WA,King,47.4901,-121.8053,UT,N/A,39.3055,-111.6703
C1519,Swine,Swine,2025,Q2,Import,153,MT,N/A,47.0527,-109.6333,WA,San Juan,48.5775,-122.9654
C1520,Small Ruminants,Goats,2024,Q4,Intrastate,2621,WA,Whatcom,48.8582,-121.7668,WA,Kittitas,47.1244,-120.6781
C1521,Cattle,Beef cattle,2024,Q3,Outbound,49,WA,Thurston County,46.9256,-122.833,ID,N/A,44.3509,-114.613
C1522,Other,Alpaca,2025,Q3,export,3022,WA,Okanogan,48.5485,-119.7401,NV,N/A,39.3289,-116.6312
C1523,Swine,Feeder pigs,2025,Q1,Inbound,71,ID,N/A,44.3509,-114.613,WA,Klickitat,45.8746,-120.7893
C1524,Other,Llama,2024,Q4,Import,54,OR,N/A,43.9336,-120.5583,WA,Skamania,46.0224,-121.915
C1525,Small Ruminants,Goats,2025,2,Inbound,5,ID,N/A,44.3509,-114.613,WA,Grant County,47.2043,-119.4535
C1526,Poultry,Ducks,2025,2,Import,118,CA,N/A,37.1661,-119.4494,WA,Whatcom,48.8272,-121.7198
C1526,Swine,Swine,2025,Q4,Export,77,WA,Spokane,47.6201,-117.4044,ID,N/A,44.3509,-114.613
C1527,Cattle,"Beef cattle, cow-calf",2024,Q3,Outbound,1383,WA,Okanogan,48.5485,-119.7401,NV,N/A,39.3289,-116.6312
C1528,Poultry,Chickens,2024,Q4,intrastate,14,WA,Grant,47.2353,-119.5005,WA,Yakima,46.4878,-120.7845
C1528,Cattle,"Beef cattle, cow-calf",2024,Q3,Imports,5,MT,N/A,47.0527,-109.6333,WA,Grant,47.2353,-119.5005
C1529,Swine,Feeder pigs,2024,Q4,EXPORTS,4200,WA,Pend Oreille,48.531,-117.2739,ID,N/A,44.3509,-114.613
C1530,Other,Llama,2024,Q3,Inbound,36,OR,N/A,43.9336,-120.5583,WA,Grant,47.2353,-119.5005
C1531,Other,Llama,2024,Q1,Export,852,WA,Skamania,46.0224,-121.915,OR,N/A,43.9336,-120.5583
C1532,Poultry,Turkeys,2025,Q3,Export,116,WA,Whatcom,48.8272,-121.7198,NV,N/A,39.3289,-116.6312
C1533,Other,Alpaca,2025,Q4,export,141,WA,Whatcom,48.8272,-121.7198,ID,N/A,44.3509,-114.613
C1533,Small Ruminants,Goats,2025,Q3,import,4031,MT,N/A,47.0527,-109.6333,WA,Douglas,47.7357,-119.6935
C1534,Small Ruminants,Sheep,2025,Q1,intrastate,25,WA,Grant,47.2043,-119.4535,WA,Grant,47.2043,-119.4535
C1534,Other,Alpaca,2025,Q4,Outbound,9,WA,Spokane,47.6201,-117.4044,ID,N/A,44.3509,-114.613
C1535,Equids,Mules,2025,Q4,Export,3763,WA,Grant,47.2043,-119.4535,UT,N/A,39.3055,-111.6703
C1535,Poultry,Turkeys,2024,Q1,Outbound,n/a,WA,King,47.5211,-121.8523,ID,N/A,44.3509,-114.613
C1536,Swine,Feeder pigs,2024,Q3,Import,n/a,CA,N/A,37.1661,-119.4494,WA,King,47.5211,-121.8523
C1536,Swine,Feeder pigs,2024,Q3,intrastate,3095,WA,Pend Oreille,48.531,-117.2739,WA,Columbia,46.2972,-117.9073
C1537,Small Ruminants,Goats,2024,Q2,Import,30,OR,N/A,43.9336,-120.5583,WA,Spokane,47.6511,-117.4514
C1537,Other,Llama,2024,Q3,Export,2231,WA,Snohomish,48.0475,-121.6973,NV,N/A,39.3289,-116.6312
C1538,Equids,Horses,2025,Q3,import,579,UT,N/A,39.3055,-111.6703,WA,Snohomish,48.0475,-121.6973
C1538,Cattle,"Beef cattle, cow-calf",2025,Q2,Export,7,WA,Yakima,46.4568,-120.7375,NV,N/A,39.3289,-116.6312
C1538,Small Ruminants,Sheep,2024,Q2,Imports,5,OR,N/A,43.9336,-120.5583,WA,Stevens,48.397,-117.8554
C1538,Poultry,Turkeys,2025,Q1,Import,238,UT,N/A,39.3055,-111.6703,WA,Spokane,47.6201,-117.4044
C1539,Cattle,Dairy cattle,2024,Q3,Import,157,OR,N/A,43.9336,-120.5583,WA,Spokane,47.6511,-117.4514
C1539,Other,Llama,2024,Q2,EXPORTS,104,WA,Spokane,47.6511,-117.4514,OR,N/A,43.9336,-120.5583
C1540,Cattle,Dairy cattle,2024,Q4,Outbound,1412,WA,Grant,47.2353,-119.5005,MT,N/A,47.0527,-109.6333
C1540,Other,Alpaca,2024,Q4,Import,6,OR,N/A,43.9336,-120.5583,WA,King,47.5211,-121.8523
C1540,Equids,Mules,2024,Q2,Export,1882,WA,Spokane,47.6511,-117.4514,MT,N/A,47.0527,-109.6333
C1540,Cattle,Beef cattle,2025,Q4,Inbound,168,UT,N/A,39.3055,-111.6703,WA,Whitman,46.9008,-117.5231
C1541,Small Ruminants,Sheep,2024,Q1,Outbound,26,WA,Pacific,46.5554,-123.7041,MT,N/A,47.0527,-109.6333
C1542,Swine,Swine,2025,Q4,Inbound,21,NV,N/A,39.3289,-116.6312,WA,Yakima,46.4568,-120.7375
C1543,Other,Alpaca,2025,4,Inbound,1355,UT,N/A,39.3055,-111.6703,WA,Garfield County,46.4312,-117.545
C1544,Other,Alpaca,2024,Q3,Inbound,22,NV,N/A,39.3289,-116.6312,WA,King,47.5211,-121.8523
C1544,Other,Alpaca,2024,Q1,export,7,WA,Wahkiakum County,46.2918,-123.4243,MT,N/A,47.0527,-109.6333
C1545,Equids,Mules,2025,Q2,intrastate,3,WA,Ferry,48.4686,-118.5168,WA,Spokane,47.6201,-117.4044
C1545,Cattle,Beef cattle,2025,Q3,Import,1315,NV,N/A,39.3289,-116.6312,WA,Pend Oreille,48.531,-117.2739
C1545,Swine,Feeder pigs,2025,Q3,Outbound,524,WA,Yakima,46.4568,-120.7375,ID,N/A,44.3509,-114.613
C1546,Swine,Swine,2024,Q3,intrastate,449,WA,Benton,46.2392,-119.5109,WA,Grant,47.2353,-119.5005
C1547,Equids,Mules,2024,Q2,import,72,NV,N/A,39.3289,-116.6312,WA,Clark,45.7791,-122.4825
C1548,Swine,Swine,2025,1,Inbound,90,MT,N/A,47.0527,-109.6333,WA,Whatcom,48.8272,-121.7198
C1549,Small Ruminants,Sheep,2024,Q1,Inbound,78,CA,N/A,37.1661,-119.4494,WA,Island,48.1627,-122.5477
C1550,Small Ruminants,Sheep,2025,Q3,Intrastate,32,WA,Grant,47.2043,-119.4535,WA,Kittitas,47.1244,-120.6781
C1551,Small Ruminants,Sheep,2025,Q1,Intrastate,8,WA,Grant,47.2043,-119.4535,WA,King,47.4901,-121.8053
C1552,Cattle,Beef cattle,2025,Q1,export,1294,WA,Grant,47.2043,-119.4535,CA,N/A,37.1661,-119.4494
C1552,Small Ruminants,Sheep,2024,Q1,import,61,NV,N/A,39.3289,-116.6312,WA,Skagit,48.4804,-121.7291
C1553,Small Ruminants,Goats,2025,Q2,export,3852,WA,Yakima,46.4568,-120.7375,MT,N/A,47.0527,-109.6333
C1554,Equids,Horses,2025,4,intrastate,347,WA,Kittitas,47.1244,-120.6781,WA,Grant,47.2043,-119.4535
C1555,Other,Llama,2024,Q4,intrastate,2548,WA,Spokane,47.6511,-117.4514,WA,Whatcom,48.8582,-121.7668
C1556,Cattle,Beef cattle,2024,4,Imports,11,OR,N/A,43.9336,-120.5583,WA,Kittitas,47.1244,-120.6781
C1556,Other,Alpaca,2024,Q2,Import,18,ID,N/A,44.3509,-114.613,WA,Skagit,48.4804,-121.7291
C1557,Equids,Mules,2024,Q4,EXPORTS,3,WA,King County,47.5211,-121.8523,MT,N/A,47.0527,-109.6333
C1557,Other,Llama,2024,1,Import,75,CA,N/A,37.1661,-119.4494,WA,Whitman,46.9008,-117.5231
C1557,Swine,Feeder pigs,2024,Q3,EXPORTS,4,WA,Spokane,47.6511,-117.4514,MT,N/A,47.0527,-109.6333
C1558,Small Ruminants,Sheep,2025,Q4,Export,14,WA,Wahkiakum,46.2918,-123.4243,UT,N/A,39.3055,-111.6703
C1559,Equids,Horses,2025,Q2,Imports,45,ID,N/A,44.3509,-114.613,WA,Lincoln,47.5761,-118.4185
C1560,Cattle,"Beef cattle, cow-calf",2025,Q3,Outbound,22,WA,Whatcom,,-121.7198,CA,N/A,37.1661,-119.4494
C1561,Swine,Swine,2024,Q1,export,1447,WA,Whatcom,48.8582,-121.7668,UT,N/A,39.3055,-111.6703
C1562,Poultry,Chickens,2024,Q4,Import,8,OR,N/A,43.9336,-120.5583,WA,Pend Oreille,48.531,-117.2739
C1563,Small Ruminants,Goats,2025,Q2,Inbound,3215,NV,N/A,39.3289,-116.6312,WA,King,47.4901,-121.8053
C1564,Cattle,"Beef cattle, cow-calf",2024,Q2,intrastate,63,WA,King,47.5211,-121.8523,WA,Spokane,47.6511,-117.4514
C1565,Small Ruminants,Goats,2024,Q1,export,274,WA,Grant,47.2353,-119.5005,CA,N/A,37.1661,-119.4494
C1566,Cattle,Beef cattle,2025,Q4,export,21,WA,King,47.4901,-121.8053,CA,N/A,37.1661,-119.4494
C1566,Small Ruminants,Goats,2025,Q2,export,64,WA,Chelan County,47.8677,-120.6182,MT,N/A,47.0527,-109.6333
C1567,Poultry,Chickens,2024,Q2,EXPORTS,182,WA,Whitman,46.9008,-117.5231,OR,N/A,43.9336,-120.5583
C1568,Equids,Horses,2025,Q2,Export,227,WA,Chelan,47.8677,-120.6182,UT,N/A,39.3055,-111.6703
C1569,Equids,Mules,2024,Q1,import,112,CA,N/A,37.1661,-119.4494,WA,Clallam,48.0502,-123.9298
C1570,Equids,Horses,2024,Q1,import,86,NV,N/A,39.3289,-116.6312,WA,Klickitat,45.8746,-120.7893
C1571,Equids,Mules,2025,2,Imports,4779,UT,N/A,39.3055,-111.6703,WA,Spokane,47.6201,-117.4044
C1572,Cattle,"Beef cattle, cow-calf",2024,Q2,intrastate,2095,WA,Pend Oreille,48.531,-117.2739,WA,Wahkiakum,46.2918,-123.4243
C1573,Swine,Swine,2025,Q3,EXPORTS,1049,WA,Adams,46.9835,-118.5611,OR,N/A,43.9336,-120.5583
C1574,Cattle,"Beef cattle, cow-calf",2025,Q1,import,122,OR,N/A,43.9336,-120.5583,WA,Columbia,46.2972,-117.9073
C1575,Poultry,Turkeys,2025,Q2,import,n/a,CA,N/A,37.1661,-119.4494,WA,Columbia,46.2972,-117.9073
C1576,Poultry,Chickens,2024,3,import,18,MT,N/A,47.0527,-109.6333,WA,Stevens,48.397,-117.8554
C1577,Small Ruminants,Sheep,2024,Q2,import,7,CA,N/A,37.1661,-119.4494,WA,Pend Oreille,48.531,-117.2739
C1578,Small Ruminants,Goats,2025,Q4,Inbound,73,NV,N/A,39.3289,-116.6312,WA,Grant,47.2043,-119.4535
C1579,Small Ruminants,Goats,2024,Q4,Intrastate,22,WA,Whatcom,48.8582,-121.7668,WA,Spokane,47.6511,-117.4514
C1579,Other,Llama,2024,Q2,EXPORTS,260,WA,Yakima,46.4878,-120.7845,ID,N/A,44.3509,-114.613
C1580,Cattle,Beef cattle,2025,Q4,export,15,WA,Klickitat,45.8746,-120.7893,NV,N/A,39.3289,-116.6312
C1581,Small Ruminants,Sheep,2025,Q4,Inbound,86,MT,N/A,47.0527,-109.6333,WA,Grant,47.2043,-119.4535
C1581,Cattle,Dairy cattle,2025,Q3,intrastate,460,WA,Yakima,46.4568,-120.7375,WA,Garfield,46.4312,-117.545
C1582,Small Ruminants,Goats,2024,2,Export,,WA,Whatcom,48.8582,-121.7668,ID,N/A,44.3509,-114.613
C1582,Poultry,Ducks,2024,Q2,Export,227,WA,Grant,47.2353,-119.5005,NV,N/A,39.3289,-116.6312
C1583,Other,Llama,2025,Q2,Intrastate,0,WA,Snohomish,48.0475,-121.6973,WA,Kittitas,47.1244,-120.6781
C1584,Cattle,"Beef cattle, cow-calf",2025,2,Imports,21,MT,N/A,47.0527,-109.6333,WA,King,47.4901,-121.8053
C1585,Other,Llama,2024,2,Outbound,6,WA,Yakima County,46.4878,-120.7845,MT,N/A,47.0527,-109.6333
C1586,Cattle,Beef cattle,2024,Q1,Export,442,WA,Whatcom,48.8582,-121.7668,MT,N/A,47.0527,-109.6333
C1587,Swine,Swine,2025,Q3,export,238,WA,Whatcom,48.8272,-121.7198,CA,N/A,37.1661,-119.4494
C1588,Cattle,Dairy cattle,2024,Q3,Export,214,WA,Snohomish,48.0475,-121.6973,NV,N/A,39.3289,-116.6312
C1589,Cattle,Beef cattle,2025,Q3,Export,80,WA,Yakima,46.4568,-120.7375,ID,N/A,44.3509,-114.613
C1590,Poultry,Chickens,2025,Q2,export,989,WA,Chelan,47.8677,-120.6182,MT,N/A,47.0527,-109.6333
C1591,Swine,Swine,2024,Q2,Imports,6,ID,N/A,44.3509,-114.613,WA,Benton,46.2392,-119.5109
C1592,Other,Llama,2024,Q3,Import,2186,MT,N/A,47.0527,-109.6333,WA,Ferry,48.4686,-118.5168
C1593,Cattle,Beef cattle,2025,Q4,import,33,UT,N/A,39.3055,-111.6703,WA,Spokane,47.6201,-117.4044
C1594,Other,Llama,2025,Q2,Imports,925,ID,N/A,44.3509,-114.613,WA,Ferry,48.4686,-118.5168
C1595,Poultry,Chickens,2024,Q1,intrastate,138,WA,Yakima,46.4878,-120.7845,WA,Kitsap,47.6125,-122.6764
C1596,Swine,Feeder pigs,2025,Q1,Imports,14,OR,N/A,43.9336,-120.5583,WA,Stevens,48.397,-117.8554
C1597,Swine,Feeder pigs,2025,Q2,Inbound,3,ID,N/A,44.3509,-114.613,WA,Spokane,47.6201,-117.4044
C1598,Small Ruminants,Sheep,2025,Q3,import,4,CA,N/A,37.1661,-119.4494,WA,Whatcom,48.8272,-121.7198
C1598,Cattle,Beef cattle,2024,Q3,Imports,74,ID,N/A,44.3509,-114.613,WA,Lincoln County,47.5761,-118.4185
C1599,Other,Alpaca,2024,Q1,Export,674,WA,Clallam,48.0502,-123.9298,MT,N/A,47.0527,-109.6333
C1599,Other,Alpaca,2025,Q2,Outbound,30,WA,Franklin,46.5347,-118.8994,ID,N/A,44.3509,-114.613
C1600,Other,Alpaca,2024,Q1,Export,630,WA,Yakima,46.4878,-120.7845,CA,N/A,37.1661,-119.4494
C1601,Small Ruminants,Goats,2025,Q4,Inbound,75,ID,N/A,44.3509,-114.613,WA,Pacific County,46.5554,-123.7041
C1601,Small Ruminants,Sheep,2025,Q2,Imports,207,CA,N/A,37.1661,-119.4494,WA,Clallam,48.0502,-123.9298
C1602,Equids,Horses,2024,Q4,intrastate,4189,WA,King,47.5211,-121.8523,WA,Kitsap,47.6125,-122.6764
C1602,Poultry,Ducks,2025,Q3,Inbound,488,ID,N/A,44.3509,-114.613,WA,Pend Oreille,48.531,-117.2739
C1602,Swine,Feeder pigs,2025,Q4,Inbound,,OR,N/A,43.9336,-120.5583,WA,Yakima,46.4568,-120.7375
C1603,Cattle,Beef cattle,2024,Q2,Export,511,WA,Yakima County,46.4878,-120.7845,MT,N/A,47.0527,-109.6333
C1603,Equids,Horses,2024,Q3,Intrastate,0,WA,Yakima,46.4878,-120.7845,WA,Grant,47.2353,-119.5005
C1604,Small Ruminants,Goats,2024,Q1,import,27,UT,N/A,39.3055,-111.6703,WA,Clallam,48.0502,-123.9298
C1605,Swine,Feeder pigs,2024,Q3,export,16,WA,Clallam,48.0502,-123.9298,UT,N/A,39.3055,-111.6703
C1606,Cattle,Dairy cattle,2024,Q3,import,n/a,UT,N/A,39.3055,-111.6703,WA,Pacific County,46.5554,-123.7041
C1607,Swine,Feeder pigs,2024,Q2,Imports,1814,ID,N/A,44.3509,-114.613,WA,Grant,47.2353,-119.5005
C1608,Equids,Horses,2024,Q4,Import,3384,MT,N/A,47.0527,-109.6333,WA,King,47.5211,-121.8523
C1608,Cattle,Beef cattle,2025,Q1,import,527,OR,N/A,43.9336,-120.5583,WA,Stevens,48.397,-117.8554
C1608,Equids,Mules,2024,Q2,Imports,4796,CA,N/A,37.1661,-119.4494,WA,Kittitas,47.1244,-120.6781
C1609,Small Ruminants,Goats,2024,4,Intrastate,3,WA,Whatcom,48.8582,-121.7668,WA,Pacific,46.5554,-123.7041
C1610,Poultry,Turkeys,2025,Q2,Outbound,370,WA,Columbia,46.2972,-117.9073,OR,N/A,43.9336,-120.5583
C1610,Small Ruminants,Sheep,2025,Q4,Import,942,ID,N/A,44.3509,-114.613,WA,Whatcom,48.8272,-121.7198
C1611,Other,Alpaca,2024,Q1,import,3,OR,N/A,43.9336,-120.5583,WA,Spokane,47.6511,-117.4514
C1612,Cattle,Beef cattle,2025,2,Inbound,837,CA,N/A,37.1661,-119.4494,WA,Ferry,48.4686,-118.5168
C1612,Equids,Mules,2025,Q3,Inbound,n/a,UT,N/A,39.3055,-111.6703,WA,Columbia,46.2972,-117.9073
C1613,Other,Llama,2024,3,EXPORTS,246,WA,Whatcom,48.8582,-121.7668,MT,N/A,47.0527,-109.6333
C1614,Swine,Feeder pigs,2024,Q4,Inbound,66,MT,N/A,47.0527,-109.6333,WA,Mason,47.3481,-123.193
C1615,Equids,Horses,2024,Q1,,67,UT,N/A,39.3055,-111.6703,WA,Yakima,46.4878,-120.7845
C1616,Other,Llama,2025,Q1,export,1300,WA,King,47.4901,-121.8053,CA,N/A,37.1661,-119.4494
C1617,Small Ruminants,Sheep,2024,Q3,Outbound,54,WA,Klickitat,45.8746,-120.7893,UT,N/A,39.3055,-111.6703
C1618,Poultry,Ducks,2025,Q1,Import,815,NV,N/A,39.3289,-116.6312,WA,Grant,47.2043,-119.4535
C1619,Equids,Mules,2025,Q3,Outbound,3463,WA,Spokane,47.6201,-117.4044,MT,N/A,47.0527,-109.6333
C1619,Other,Llama,2025,Q1,Export,643,WA,Skagit,48.4804,-121.7291,UT,N/A,39.3055,-111.6703
C1620,Poultry,Ducks,2024,Q2,Import,4631,UT,N/A,39.3055,-111.6703,WA,King,47.5211,-121.8523
C1621,Equids,Mules,2025,Q3,Export,12,WA,Jefferson,47.7495,-123.5974,OR,N/A,43.9336,-120.5583
C1622,Other,Alpaca,2025,Q1,Outbound,3,WA,Whatcom,48.8272,-121.7198,OR,N/A,43.9336,-120.5583
C1623,Other,Alpaca,2024,Q3,Outbound,6,WA,Jefferson,47.7495,-123.5974,MT,N/A,47.0527,-109.6333
C1624,Cattle,Beef cattle,2025,Q4,Export,100,WA,Spokane,47.6201,-117.4044,OR,N/A,43.9336,-120.5583
C1624,Small Ruminants,Sheep,2024,Q1,export,553,WA,Columbia,46.2972,-117.9073,ID,N/A,44.3509,-114.613
C1624,Small Ruminants,Goats,2024,Q3,import,213,OR,N/A,43.9336,-120.5583,WA,Benton,46.2392,-119.5109
C1625,Poultry,Turkeys,2024,Q3,Imports,2247,OR,N/A,43.9336,-120.5583,WA,Whatcom,48.8582,-121.7668
C1626,Swine,Feeder pigs,2025,Q4,import,709,UT,N/A,39.3055,-111.6703,WA,Grant,47.2043,-119.4535
C1626,Other,Alpaca,2025,Q3,Export,3080,WA,Lewis,46.579,-122.3927,OR,N/A,43.9336,-120.5583
C1626,Small Ruminants,Sheep,2024,Q3,EXPORTS,3356,WA,Grant,47.2353,-119.5005,CA,N/A,37.1661,-119.4494
C1627,Equids,Mules,2024,Q4,Export,613,WA,Snohomish County,48.0475,-121.6973,OR,N/A,43.9336,-120.5583
C1627,Poultry,Turkeys,2024,Q1,export,4,WA,Clark,45.7791,-122.4825,NV,N/A,39.3289,-116.6312
C1628,Small Ruminants,Sheep,2024,Q4,Imports,5,OR,N/A,43.9336,-120.5583,WA,Thurston,46.9256,-122.833
C1629,Poultry,Chickens,2025,Q4,Outbound,55,WA,Okanogan County,48.5485,-119.7401,OR,N/A,43.9336,-120.5583
C1630,Swine,Swine,2025,Q3,Inbound,0,MT,N/A,47.0527,-109.6333,WA,Mason,47.3481,-123.193
C1631,Other,Alpaca,2024,Q2,Inbound,9,MT,N/A,47.0527,-109.6333,WA,Grays Harbor,47.1497,-123.7725
C1632,Cattle,Beef cattle,2025,Q2,Export,273,WA,Franklin,46.5347,-118.8994,NV,N/A,39.3289,-116.6312
C1633,Other,Llama,2024,Q2,Inbound,5,CA,N/A,37.1661,-119.4494,WA,Ferry,48.4686,-118.5168
C1634,Equids,Mules,2024,Q2,export,32,WA,Lincoln,47.5761,-118.4185,OR,N/A,43.9336,-120.5583
C1634,Swine,Swine,2024,Q2,import,9,NV,N/A,39.3289,-116.6312,WA,Whitman,46.9008,-117.5231
C1635,Small Ruminants,Goats,,Q2,Import,2584,OR,N/A,43.9336,-120.5583,WA,Grant,47.2353,-119.5005
C1635,Cattle,Dairy cattle,2024,Q4,import,1435,NV,N/A,39.3289,-116.6312,WA,Spokane,47.6511,-117.4514
C1636,Poultry,Turkeys,2025,Q2,intrastate,31,WA,Spokane,47.6201,-117.4044,WA,Yakima,46.4568,-120.7375
C1637,Equids,Horses,2025,Q2,export,4020,WA,Spokane,47.6201,-117.4044,CA,N/A,37.1661,-119.4494
C1638,Equids,Mules,2025,Q3,EXPORTS,400,WA,Whitman,46.9008,-117.5231,CA,N/A,37.1661,-119.4494
C1638,Cattle,"Beef cattle, cow-calf",2024,Q1,intrastate,10,WA,Lewis,46.579,-122.3927,WA,King,47.5211,-121.8523
C1639,Cattle,Beef cattle,2025,Q3,Export,2963,WA,Yakima,46.4568,-120.7375,UT,N/A,39.3055,-111.6703
C1640,Swine,Feeder pigs,2024,Q3,Inbound,117,MT,N/A,47.0527,-109.6333,WA,Grays Harbor,47.1497,-123.7725
C1641,Poultry,Turkeys,2025,Q3,Inbound,2891,NV,N/A,39.3289,-116.6312,WA,Yakima,46.4568,-120.7375
C1641,Small Ruminants,Sheep,2024,Q4,Inbound,9,UT,N/A,39.3055,-111.6703,WA,Spokane,47.6511,-117.4514
C1641,Cattle,Dairy cattle,2025,Q3,export,4,WA,Jefferson,47.7495,-123.5974,CA,N/A,37.1661,-119.4494
C1641,Other,Alpaca,2024,Q2,import,1663,CA,N/A,37.1661,-119.4494,WA,Spokane,47.6511,-117.4514
C1642,Cattle,Beef cattle,2025,Q1,Inbound,24,OR,N/A,43.9336,-120.5583,WA,King,,-121.8053
C1643,Swine,Feeder pigs,2025,Q2,Imports,606,MT,N/A,47.0527,-109.6333,WA,Chelan,47.8677,-120.6182
C1644,Poultry,Ducks,2024,Q3,import,2918,CA,N/A,37.1661,-119.4494,WA,Mason,47.3481,-123.193
C1645,Equids,Horses,2025,Q3,Import,2005,UT,N/A,39.3055,-111.6703,WA,Wahkiakum,46.2918,-123.4243
C1646,Other,Llama,2024,Q4,Inbound,93,OR,N/A,43.9336,-120.5583,WA,Klickitat,45.8746,-120.7893
C1647,Cattle,"Beef cattle, cow-calf",2024,Q4,Export,151,WA,Grant,47.2353,-119.5005,OR,N/A,43.9336,-120.5583
C1648,Equids,Horses,2024,Q4,intrastate,463,WA,King,47.5211,-121.8523,WA,Columbia County,46.2972,-117.9073
C1648,Small Ruminants,Goats,2024,Q4,import,44,UT,N/A,39.3055,-111.6703,WA,Garfield,46.4312,-117.545
C1649,Equids,Horses,2025,Q1,EXPORTS,1321,WA,Adams,46.9835,-118.5611,CA,N/A,37.1661,-119.4494
C1650,Cattle,Beef cattle,2025,4,EXPORTS,109,WA,Clark,45.7791,-122.4825,NV,N/A,39.3289,-116.6312
C1650,Poultry,Ducks,2024,Q3,export,79,WA,Mason,47.3481,-123.193,CA,N/A,37.1661,-119.4494
C1651,Swine,Swine,2025,Q2,Inbound,3,UT,N/A,39.3055,-111.6703,WA,Skamania,46.0224,-121.915
C1652,Poultry,Turkeys,2024,Q1,Export,9,WA,Columbia,46.2972,-117.9073,ID,N/A,44.3509,-114.613
C1653,Other,Alpaca,2025,Q1,intrastate,128,WA,Clallam County,48.0502,-123.9298,WA,Skagit County,48.4804,-121.7291
C1653,Poultry,Ducks,2025,Q2,Outbound,8,WA,Spokane,47.6201,-117.4044,UT,N/A,39.3055,-111.6703
C1653,Small Ruminants,Goats,2024,Q3,Outbound,51,WA,Clallam,48.0502,-123.9298,NV,N/A,39.3289,-116.6312
C1653,Cattle,"Beef cattle, cow-calf",2024,Q3,Intrastate,28,WA,Spokane County,47.6511,-117.4514,WA,Grant,47.2353,-119.5005
C1654,Cattle,Beef cattle,2024,Q3,export,302,WA,Spokane,47.6511,-117.4514,OR,N/A,43.9336,-120.5583
C1654,Equids,Mules,2025,Q3,import,949,ID,N/A,44.3509,-114.613,WA,Whatcom,48.8272,-121.7198
C1655,Small Ruminants,Sheep,2025,Q4,Imports,180,CA,N/A,37.1661,-119.4494,WA,San Juan,48.5775,-122.9654
C1656,Equids,Mules,2025,Q2,Import,6,UT,N/A,39.3055,-111.6703,WA,Columbia,46.2972,-117.9073
C1657,Swine,Feeder pigs,2024,2,Export,5,WA,Kitsap,47.6125,-122.6764,UT,N/A,39.3055,-111.6703
C1658,Small Ruminants,Sheep,2024,Q3,Import,6,ID,N/A,44.3509,-114.613,WA,Grant County,47.2353,-119.5005
C1659,Cattle,"Beef cattle, cow-calf",2025,Q2,export,9,WA,Okanogan,48.5485,-119.7401,ID,N/A,44.3509,-114.613
C1659,Equids,Horses,2025,Q2,Imports,571,ID,N/A,44.3509,-114.613,WA,Stevens County,48.397,-117.8554
C1659,Small Ruminants,Goats,2024,Q3,Outbound,27,WA,Jefferson,47.7495,-123.5974,NV,N/A,39.3289,-116.6312
C1660,Cattle,Dairy cattle,2025,Q3,export,10,WA,Okanogan,48.5485,-119.7401,CA,N/A,37.1661,-119.4494
C1661,Swine,Feeder pigs,2025,3,Imports,492,OR,N/A,43.9336,-120.5583,WA,Clallam,48.0502,-123.9298
C1662,Poultry,Turkeys,2024,Q4,Imports,3,MT,N/A,47.0527,-109.6333,WA,Clark,45.7791,-122.4825
C1662,Swine,Swine,2025,Q1,Outbound,851,WA,Walla Walla,46.2296,-118.4785,MT,N/A,47.0527,-109.6333
C1662,Other,Llama,2025,Q3,Inbound,25,UT,N/A,39.3055,-111.6703,WA,Cowlitz,46.1932,-122.6808
C1663,Cattle,Beef cattle,2024,Q3,Imports,1201,UT,N/A,39.3055,-111.6703,WA,Clallam,48.0502,-123.9298
C1664,Equids,Mules,2025,Q1,export,167,WA,Pierce,47.024,-122.1031,UT,N/A,39.3055,-111.6703
C1665,Equids,Mules,2024,Q2,Inbound,1028,MT,N/A,47.0527,-109.6333,WA,King County,47.5211,-121.8523
C1666,Cattle,Dairy cattle,2025,Q3,Export,1219,WA,Whatcom,48.8272,-121.7198,CA,N/A,37.1661,-119.4494
C1667,Poultry,Chickens,2024,Q3,Imports,4183,OR,N/A,43.9336,-120.5583,WA,Yakima,46.4878,-120.7845
C1668,Equids,Horses,2025,Q3,Import,16,ID,N/A,44.3509,-114.613,WA,Lincoln,47.5761,-118.4185
C1669,Other,Llama,2024,Q4,Intrastate,95,WA,Mason,47.3481,-123.193,WA,Yakima County,46.4878,-120.7845
C1670,Poultry,Chickens,2025,Q1,Outbound,7,WA,Spokane,47.6201,-117.4044,ID,N/A,44.3509,-114.613
C1671,Poultry,Ducks,2024,Q2,intrastate,2954,WA,Spokane,47.6511,-117.4514,WA,Snohomish,48.0475,-121.6973
C1671,Poultry,Turkeys,2024,Q3,Imports,67,OR,N/A,43.9336,-120.5583,WA,Ferry,48.4686,-118.5168
C1671,Other,Llama,2025,Q3,Export,8,WA,Klickitat,45.8746,-120.7893,UT,N/A,39.3055,-111.6703
C1672,Swine,Swine,2025,Q4,import,3188,ID,N/A,44.3509,-114.613,WA,Grant,47.2043,-119.4535
C1673,Swine,Swine,2024,Q4,import,4519,UT,N/A,39.3055,-111.6703,WA,Grant County,47.2353,-119.5005
C1674,Small Ruminants,Sheep,2025,2,export,1333,WA,Walla Walla,46.2296,-118.4785,NV,N/A,39.3289,-116.6312
C1674,Swine,Feeder pigs,2025,Q2,Export,0,WA,Chelan,47.8677,-120.6182,CA,N/A,37.1661,-119.4494
C1674,Equids,Mules,2024,2,Outbound,17,WA,King,47.5211,-121.8523,UT,N/A,39.3055,-111.6703
C1675,Swine,Swine,2025,Q3,intrastate,952,WA,Wahkiakum,46.2918,-123.4243,WA,Kittitas County,47.1244,-120.6781
C1676,Cattle,"Beef cattle, cow-calf",2025,Q2,Imports,277,ID,N/A,44.3509,-114.613,WA,Spokane,47.6201,-117.4044
C1677,Poultry,Chickens,2024,Q2,Outbound,67,WA,Yakima,46.4878,-120.7845,NV,N/A,39.3289,-116.6312
C1678,Small Ruminants,Sheep,2025,Q1,Outbound,993,WA,Whatcom,48.8272,-121.7198,MT,N/A,47.0527,-109.6333
C1679,Other,Alpaca,2025,Q4,export,238,WA,Whatcom,48.8272,-121.7198,CA,N/A,37.1661,-119.4494
C1680,Poultry,Chickens,2025,Q2,export,1493,WA,Adams,46.9835,-118.5611,ID,N/A,44.3509,-114.613
C1681,Cattle,Dairy cattle,2025,Q2,Export,19,WA,Grant,47.2043,-119.4535,CA,N/A,37.1661,-119.4494
C1682,Equids,Mules,2025,Q4,EXPORTS,989,WA,Island,48.1627,-122.5477,OR,N/A,43.9336,-120.5583
C1682,Equids,Mules,2025,Q3,Inbound,12,MT,N/A,47.0527,-109.6333,WA,Garfield,46.4312,-117.545
C1682,Swine,Feeder pigs,2025,Q1,EXPORTS,,WA,Clark,45.7791,-122.4825,UT,N/A,39.3055,-111.6703
C1682,Poultry,Chickens,2025,Q4,export,3,WA,Clark,,-122.4825,CA,N/A,37.1661,-119.4494
C1683,Swine,Feeder pigs,2024,Q2,Export,1361,WA,Kittitas,47.1244,-120.6781,OR,N/A,43.9336,-120.5583
C1684,Poultry,Ducks,2024,Q2,EXPORTS,1261,WA,Stevens,48.397,-117.8554,OR,N/A,43.9336,-120.5583
C1684,Swine,Feeder pigs,2025,Q4,Outbound,69,WA,Pend Oreille,48.531,-117.2739,NV,N/A,39.3289,-116.6312
C1685,Small Ruminants,Goats,2025,Q2,Outbound,2873,WA,Pend Oreille,48.531,-117.2739,MT,N/A,47.0527,-109.6333
C1686,Equids,Mules,2025,Q1,Imports,6,OR,N/A,43.9336,-120.5583,WA,Pacific,46.5554,-123.7041
C1687,Small Ruminants,Goats,2025,Q2,intrastate,1602,WA,Snohomish County,48.0475,-121.6973,WA,King,47.4901,-121.8053
C1688,Swine,Feeder pigs,2025,Q3,import,17,ID,N/A,44.3509,-114.613,WA,Thurston,46.9256,-122.833
C1688,Small Ruminants,Goats,2024,Q2,Intrastate,1206,WA,Franklin,46.5347,-118.8994,WA,Lincoln,47.5761,-118.4185
C1689,Swine,Swine,2025,Q1,Import,96,CA,N/A,37.1661,-119.4494,WA,Yakima,46.4568,-120.7375
C1689,Equids,Mules,2024,4,Import,2692,OR,N/A,43.9336,-120.5583,WA,Mason,47.3481,-123.193
C1690,Swine,Swine,2025,Q4,export,655,WA,Pend Oreille,48.531,-117.2739,UT,N/A,39.3055,-111.6703
C1691,Swine,Feeder pigs,2025,Q1,Inbound,65,CA,N/A,37.1661,-119.4494,WA,Grant,47.2043,-119.4535
C1692,Small Ruminants,Goats,2024,Q1,Intrastate,170,WA,Lewis,46.579,-122.3927,WA,Okanogan,48.5485,-119.7401
C1693,Other,Alpaca,2024,Q1,Outbound,15,WA,Clallam,48.0502,-123.9298,OR,N/A,43.9336,-120.5583
C1694,Equids,Horses,2024,Q4,Inbound,215,ID,N/A,44.3509,-114.613,WA,King,47.5211,-121.8523
C1695,Swine,Swine,2024,3,Outbound,869,WA,Grant,47.2353,-119.5005,ID,N/A,44.3509,-114.613
C1696,Small Ruminants,Goats,2025,Q3,EXPORTS,26,WA,Chelan,47.8677,-120.6182,CA,N/A,37.1661,-119.4494
C1697,Cattle,"Beef cattle, cow-calf",2024,Q3,Imports,17,MT,N/A,47.0527,-109.6333,WA,Grant,47.2353,-119.5005
C1698,Small Ruminants,Sheep,2025,Q2,Export,2326,WA,Walla Walla,46.2296,-118.4785,OR,N/A,43.9336,-120.5583
C1698,Small Ruminants,Goats,2025,Q4,Imports,12,CA,N/A,37.1661,-119.4494,WA,Pend Oreille,48.531,-117.2739
C1698,Equids,Mules,2025,Q1,Imports,1776,MT,N/A,47.0527,-109.6333,WA,Columbia,46.2972,-117.9073
C1699,Small Ruminants,Goats,2025,Q1,import,52,UT,N/A,39.3055,-111.6703,WA,Grant,47.2043,-119.4535
C1700,Small Ruminants,Goats,2024,4,Export,101,WA,Mason,47.3481,-123.193,MT,N/A,47.0527,-109.6333
C1700,Swine,Swine,2024,Q3,Export,389,WA,Jefferson,47.7495,-123.5974,ID,N/A,44.3509,-114.613
C1701,Other,Alpaca,2024,Q4,export,2608,WA,King,47.5211,-121.8523,UT,N/A,39.3055,-111.6703
C1702,Cattle,Beef cattle,2025,Q1,Inbound,15,CA,N/A,37.1661,-119.4494,WA,Stevens,48.397,-117.8554
C1703,Small Ruminants,Goats,2024,Q4,Inbound,4270,NV,N/A,39.3289,-116.6312,WA,Spokane County,47.6511,-117.4514
C1704,Equids,Horses,2024,Q1,Intrastate,905,WA,King,47.5211,-121.8523,WA,Garfield,46.4312,-117.545
C1705,Cattle,"Beef cattle, cow-calf",2025,Q2,EXPORTS,6,WA,Whatcom,48.8272,-121.7198,NV,N/A,39.3289,-116.6312
C1706,Equids,Horses,2024,3,Intrastate,115,WA,Walla Walla County,46.2296,-118.4785,WA,Grant,47.2353,-119.5005
C1707,Small Ruminants,Sheep,2024,Q4,Imports,752,MT,N/A,47.0527,-109.6333,WA,Whatcom,48.8582,-121.7668
C1708,Cattle,Dairy cattle,2024,Q3,Export,4,WA,King,47.5211,-121.8523,MT,N/A,47.0527,-109.6333
C1709,Equids,Horses,2025,Q2,Import,12,OR,N/A,43.9336,-120.5583,WA,Whatcom,48.8272,-121.7198
C1710,Poultry,Chickens,2025,Q1,Inbound,813,CA,N/A,37.1661,-119.4494,WA,Whatcom,48.8272,-121.7198
C1711,Small Ruminants,Goats,2024,2,Outbound,722,WA,Whitman,,-117.5231,OR,N/A,43.9336,-120.5583
C1711,Swine,Feeder pigs,2024,Q2,export,19,WA,Yakima,46.4878,-120.7845,UT,N/A,39.3055,-111.6703
C1712,Swine,Swine,2025,Q1,Intrastate,1687,WA,Ferry,48.4686,-118.5168,WA,Klickitat,45.8746,-120.7893
C1713,Other,Llama,2024,Q2,import,930,CA,N/A,37.1661,-119.4494,WA,Spokane,47.6511,-117.4514
C1714,Poultry,Ducks,2024,Q1,Imports,413,UT,N/A,39.3055,-111.6703,WA,Spokane,47.6511,-117.4514
C1714,Small Ruminants,Goats,2024,Q3,Intrastate,2382,WA,Cowlitz,46.1932,-122.6808,WA,Clallam,48.0502,-123.9298
C1715,Poultry,Ducks,2024,Q4,EXPORTS,759,WA,Whatcom,48.8582,-121.7668,NV,N/A,39.3289,-116.6312
C1716,Swine,Feeder pigs,2025,Q3,Inbound,94,MT,N/A,47.0527,-109.6333,WA,Clark,45.7791,-122.4825
C1717,Other,Llama,2025,Q4,intrastate,133,WA,Stevens,48.397,-117.8554,WA,Grant,47.2043,-119.4535
C1718,Other,Llama,2025,Q4,import,12,CA,N/A,37.1661,-119.4494,WA,Grant,47.2043,-119.4535
C1719,Equids,Horses,2025,1,export,3,WA,Whatcom,48.8272,-121.7198,CA,N/A,37.1661,-119.4494
C1720,Cattle,Dairy cattle,2025,Q4,Intrastate,389,WA,Skamania County,46.0224,-121.915,WA,Benton,46.2392,-119.5109
C1720,Small Ruminants,Sheep,2025,Q1,import,1279,CA,N/A,37.1661,-119.4494,WA,Asotin,46.1916,-117.203
C1721,Other,Alpaca,2025,Q3,Intrastate,723,WA,San Juan,48.5775,-122.9654,WA,Pend Oreille,48.531,-117.2739
C1722,Swine,Swine,2025,Q2,Imports,645,OR,N/A,43.9336,-120.5583,WA,Asotin,46.1916,-117.203
C1723,Equids,Horses,2025,Q2,Intrastate,0,WA,Thurston,46.9256,-122.833,WA,Lincoln,47.5761,-118.4185
C1723,Cattle,Dairy cattle,2025,Q2,Import,4734,UT,N/A,39.3055,-111.6703,WA,Pacific,46.5554,-123.7041
C1723,Cattle,Beef cattle,2024,Q3,Outbound,5,WA,Clark,45.7791,-122.4825,MT,N/A,47.0527,-109.6333
C1724,Equids,Horses,2025,Q2,Outbound,434,WA,Grant,47.2043,-119.4535,CA,N/A,37.1661,-119.4494
C1724,Other,Llama,2024,Q3,Inbound,2641,NV,N/A,39.3289,-116.6312,WA,Grant,47.2353,-119.5005
C1725,Equids,Horses,2024,Q3,EXPORTS,47,WA,Grant,47.2353,-119.5005,MT,N/A,47.0527,-109.6333
C1726,Small Ruminants,Goats,2025,Q3,EXPORTS,18,WA,Stevens,48.397,-117.8554,MT,N/A,47.0527,-109.6333
C1727,Poultry,Ducks,2025,Q3,EXPORTS,3372,WA,Skamania,46.0224,-121.915,OR,N/A,43.9336,-120.5583
C1728,Cattle,Dairy cattle,2024,Q4,EXPORTS,8,WA,Benton,46.2392,-119.5109,ID,N/A,44.3509,-114.613
C1729,Cattle,Dairy cattle,2025,Q2,Import,6,ID,N/A,44.3509,-114.613,WA,Grant,47.2043,-119.4535
C1730,Other,Llama,2024,Q4,import,71,MT,N/A,47.0527,-109.6333,WA,King,47.5211,-121.8523
C1730,Small Ruminants,Sheep,2024,Q1,import,432,OR,N/A,43.9336,-120.5583,WA,Skamania,46.0224,-121.915
C1731,Small Ruminants,Goats,2024,Q3,intrastate,1327,WA,Yakima County,46.4878,-120.7845,WA,Clark County,45.7791,-122.4825
C1732,Cattle,Beef cattle,2025,Q2,Export,101,WA,Spokane,47.6201,-117.4044,CA,N/A,37.1661,-119.4494
C1733,Poultry,Turkeys,2024,Q1,intrastate,152,WA,Chelan,47.8677,-120.6182,WA,Ferry,48.4686,-118.5168
C1734,Small Ruminants,Goats,2025,3,Intrastate,212,WA,Chelan,47.8677,-120.6182,WA,Pend Oreille,48.531,-117.2739
C1734,Small Ruminants,Goats,2025,Q2,EXPORTS,82,WA,Ferry County,48.4686,-118.5168,OR,N/A,43.9336,-120.5583
C1735,Small Ruminants,Goats,2024,Q3,Imports,3,OR,N/A,43.9336,-120.5583,WA,Stevens,48.397,-117.8554
C1736,Swine,Swine,2024,Q1,export,1920,WA,Yakima,46.4878,-120.7845,MT,N/A,47.0527,-109.6333
C1736,Poultry,Chickens,2024,Q1,Export,41,WA,Pierce County,47.024,-122.1031,ID,N/A,44.3509,-114.613
C1737,Small Ruminants,Goats,2025,Q3,Outbound,56,WA,Lewis,46.579,-122.3927,UT,N/A,39.3055,-111.6703
C1738,Other,Alpaca,2024,Q3,intrastate,1310,WA,Yakima,46.4878,-120.7845,WA,Spokane,47.6511,-117.4514
C1739,Small Ruminants,Goats,2025,Q4,Export,177,WA,Yakima,,-120.7375,UT,N/A,39.3055,-111.6703
C1740,Small Ruminants,Sheep,2025,2,import,476,UT,N/A,39.3055,-111.6703,WA,Whatcom,48.8272,-121.7198
C1741,Equids,Horses,2025,Q3,Export,3,WA,Columbia,46.2972,-117.9073,CA,N/A,37.1661,-119.4494
C1742,Equids,Mules,2025,Q1,Export,8,WA,Garfield,46.4312,-117.545,OR,N/A,43.9336,-120.5583
C1743,Equids,Mules,2025,4,import,411,CA,N/A,37.1661,-119.4494,WA,Yakima,46.4568,-120.7375
C1743,Small Ruminants,Sheep,2025,Q2,import,14,OR,N/A,43.9336,-120.5583,WA,Wahkiakum,46.2918,-123.4243
C1743,Equids,Horses,2025,Q1,intrastate,265,WA,Whatcom County,48.8272,-121.7198,WA,Clallam,48.0502,-123.9298
C1744,Cattle,Dairy cattle,2024,1,import,14,NV,N/A,39.3289,-116.6312,WA,Spokane,47.6511,-117.4514
C1745,Other,Alpaca,2024,Q2,Intrastate,,WA,Pacific,46.5554,-123.7041,WA,Whatcom,48.8582,-121.7668
C1745,Swine,Swine,2024,Q4,intrastate,4,WA,Yakima County,46.4878,-120.7845,WA,Grant,47.2353,-119.5005
C1746,Equids,Horses,2025,Q2,Import,915,NV,N/A,39.3289,-116.6312,WA,Kittitas,47.1244,-120.6781
C1746,Poultry,Chickens,2025,Q2,Outbound,33,WA,Spokane,47.6201,-117.4044,CA,N/A,37.1661,-119.4494
C1746,Small Ruminants,Goats,2025,Q1,EXPORTS,17,WA,Yakima,46.4568,-120.7375,OR,N/A,43.9336,-120.5583
C1747,Other,Llama,2024,Q1,export,366,WA,Stevens County,48.397,-117.8554,ID,N/A,44.3509,-114.613
C1748,Poultry,Ducks,2024,Q1,EXPORTS,71,WA,Yakima,46.4878,-120.7845,MT,N/A,47.0527,-109.6333
C1749,Poultry,Ducks,2024,Q1,Import,376,MT,N/A,47.0527,-109.6333,WA,Yakima,46.4878,-120.7845
C1749,Cattle,Beef cattle,2024,Q3,Intrastate,2809,WA,Okanogan,48.5485,-119.7401,WA,Okanogan,48.5485,-119.7401
C1750,Small Ruminants,Goats,2025,Q4,Intrastate,994,WA,Grant,47.2043,-119.4535,WA,Grant County,47.2043,-119.4535
C1750,Poultry,Chickens,2024,Q2,intrastate,,WA,Whatcom,48.8582,-121.7668,WA,Whatcom,48.8582,-121.7668
C1751,Equids,Mules,2025,Q3,Outbound,23,WA,Skagit,48.4804,-121.7291,ID,N/A,44.3509,-114.613
C1752,Cattle,"Beef cattle, cow-calf",2025,Q2,import,4422,OR,N/A,43.9336,-120.5583,WA,Columbia,46.2972,-117.9073
C1753,Swine,Swine,2024,Q2,Import,474,CA,N/A,37.1661,-119.4494,WA,Ferry County,48.4686,-118.5168
C1754,Equids,Mules,2025,Q4,export,182,WA,Whatcom,48.8272,-121.7198,UT,N/A,39.3055,-111.6703
C1754,Other,Alpaca,2025,Q3,Imports,375,OR,N/A,43.9336,-120.5583,WA,Spokane,47.6201,-117.4044
C1755,Other,Alpaca,2024,Q3,export,735,WA,Chelan,47.8677,-120.6182,ID,N/A,44.3509,-114.613
C1756,Other,Llama,2024,Q1,import,214,OR,N/A,43.9336,-120.5583,WA,Asotin,46.1916,-117.203
C1757,Poultry,Chickens,2025,Q1,Outbound,517,WA,Clallam,48.0502,-123.9298,MT,N/A,47.0527,-109.6333
C1757,Other,Alpaca,2024,Q4,Intrastate,116,WA,Spokane,47.6511,-117.4514,WA,Island,48.1627,-122.5477
C1758,Swine,Swine,2024,Q1,Import,761,OR,N/A,43.9336,-120.5583,WA,Whatcom,48.8582,-121.7668
C1759,Other,Alpaca,2024,Q3,Outbound,299,WA,Skamania,46.0224,-121.915,NV,N/A,39.3289,-116.6312
C1760,Swine,Swine,2024,Q4,Import,9,MT,N/A,47.0527,-109.6333,WA,Kitsap,47.6125,-122.6764
C1761,Swine,Swine,2025,Q4,Imports,7,MT,N/A,47.0527,-109.6333,WA,Columbia,46.2972,-117.9073
C1761,Equids,Mules,2024,Q1,import,401,UT,N/A,39.3055,-111.6703,WA,Columbia,46.2972,-117.9073
C1762,Poultry,Chickens,2024,Q1,Import,3097,UT,N/A,39.3055,-111.6703,WA,Pend Oreille,48.531,-117.2739
C1763,Equids,Mules,2024,Q4,Outbound,884,WA,Spokane,47.6511,-117.4514,ID,N/A,44.3509,-114.613
C1764,Small Ruminants,Sheep,2025,Q1,Outbound,105,WA,Douglas,47.7357,-119.6935,ID,N/A,44.3509,-114.613
C1765,Cattle,"Beef cattle, cow-calf",2024,Q4,Import,7,MT,N/A,47.0527,-109.6333,WA,Jefferson,47.7495,-123.5974
C1765,Swine,Feeder pigs,2025,Q2,Outbound,581,WA,Chelan,47.8677,-120.6182,CA,N/A,37.1661,-119.4494
C1766,Poultry,Ducks,2024,Q4,intrastate,867,WA,Skamania,46.0224,-121.915,WA,Grant,47.2353,-119.5005
C1767,Swine,Swine,2024,2,Export,10,WA,Spokane,47.6511,-117.4514,NV,N/A,39.3289,-116.6312
C1767,Poultry,Ducks,2024,3,Import,226,UT,N/A,39.3055,-111.6703,WA,Spokane,47.6511,-117.4514
C1767,Poultry,Ducks,2024,Q3,Export,190,WA,Clark,45.7791,-122.4825,CA,N/A,37.1661,-119.4494
C1768,Other,Alpaca,2024,Q1,Intrastate,14,WA,Spokane,47.6511,-117.4514,WA,Asotin,46.1916,-117.203
C1769,Other,Alpaca,2024,Q3,EXPORTS,23,WA,Clallam,48.0502,-123.9298,CA,N/A,37.1661,-119.4494
C1770,Poultry,Ducks,2025,Q2,Outbound,2966,WA,Yakima,46.4568,-120.7375,NV,N/A,39.3289,-116.6312
C1770,Equids,Mules,2025,Q3,import,5,MT,N/A,47.0527,-109.6333,WA,Kittitas,47.1244,-120.6781
C1771,Swine,Swine,2025,Q2,Outbound,24,WA,Pacific,46.5554,-123.7041,UT,N/A,39.3055,-111.6703
C1771,Small Ruminants,Goats,2025,Q4,import,2365,OR,N/A,43.9336,-120.5583,WA,King,47.4901,-121.8053
C1771,Poultry,Chickens,2024,Q2,Import,57,OR,N/A,43.9336,-120.5583,WA,Whatcom,48.8582,-121.7668
C1772,Poultry,Ducks,2025,Q1,intrastate,164,WA,Clark,45.7791,-122.4825,WA,Yakima,46.4568,-120.7375
C1773,Cattle,Beef cattle,2025,Q1,export,585,WA,Spokane,47.6201,-117.4044,OR,N/A,43.9336,-120.5583
C1773,Swine,Feeder pigs,2025,Q4,Intrastate,14,WA,Yakima County,46.4568,-120.7375,WA,Skamania,46.0224,-121.915
C1773,Swine,Swine,2024,Q3,Inbound,11,UT,N/A,39.3055,-111.6703,WA,Skagit,48.4804,-121.7291
C1774,Other,Alpaca,2024,Q4,Inbound,157,UT,N/A,39.3055,-111.6703,WA,Franklin,46.5347,-118.8994
C1775,Swine,Swine,2024,Q3,Intrastate,4,WA,Stevens County,48.397,-117.8554,WA,Pacific,46.5554,-123.7041
C1775,Cattle,Dairy cattle,2024,4,Export,7,WA,Yakima,46.4878,-120.7845,MT,N/A,47.0527,-109.6333
C1776,Cattle,Beef cattle,2024,Q3,Import,30,NV,N/A,39.3289,-116.6312,WA,Klickitat,45.8746,-120.7893
C1776,Poultry,Ducks,2025,Q3,Intrastate,26,WA,Yakima,46.4568,-120.7375,WA,Grant,47.2043,-119.4535
C1777,Other,Llama,2024,Q4,,2376,WA,Whatcom,48.8582,-121.7668,CA,N/A,37.1661,-119.4494
C1778,Cattle,Dairy cattle,2025,Q1,import,30,CA,N/A,37.1661,-119.4494,WA,Skamania,46.0224,-121.915
C1779,Swine,Feeder pigs,2025,1,Export,,WA,King,47.4901,-121.8053,ID,N/A,44.3509,-114.613
C1780,Poultry,Turkeys,2025,Q1,import,133,NV,N/A,39.3289,-116.6312,WA,Stevens,48.397,-117.8554
C1781,Other,Alpaca,2024,1,Export,53,WA,Clark,45.7791,-122.4825,CA,N/A,37.1661,-119.4494
C1782,Equids,Horses,2024,Q4,import,10,NV,N/A,39.3289,-116.6312,WA,Grant,47.2353,-119.5005
C1783,Equids,Horses,2024,Q2,export,346,WA,Whatcom,48.8582,-121.7668,UT,N/A,39.3055,-111.6703
C1784,Poultry,Turkeys,2024,4,import,n/a,CA,N/A,37.1661,-119.4494,WA,Pend Oreille,48.531,-117.2739
C1785,Cattle,Dairy cattle,2025,Q3,Inbound,38,UT,N/A,39.3055,-111.6703,WA,Grant,47.2043,-119.4535
C1786,Poultry,Ducks,2024,Q2,Export,4495,WA,Spokane,47.6511,-117.4514,MT,N/A,47.0527,-109.6333
C1786,Poultry,Chickens,2025,Q2,Intrastate,3,WA,Kittitas,47.1244,-120.6781,WA,Spokane,47.6201,-117.4044
C1787,Equids,Horses,2025,Q4,Intrastate,3281,WA,Whatcom,48.8272,-121.7198,WA,Snohomish,48.0475,-121.6973
C1788,Swine,Feeder pigs,2024,Q2,export,390,WA,Snohomish,48.0475,-121.6973,UT,N/A,39.3055,-111.6703
C1788,Poultry,Chickens,2024,Q4,export,831,WA,Stevens,48.397,-117.8554,ID,N/A,44.3509,-114.613
C1788,Cattle,Dairy cattle,2024,Q4,Import,2480,CA,N/A,37.1661,-119.4494,WA,King,,-121.8523
C1789,Other,Alpaca,2025,Q3,export,2744,WA,Stevens,48.397,-117.8554,UT,N/A,39.3055,-111.6703
C1790,Swine,Swine,2025,Q1,Import,566,MT,N/A,47.0527,-109.6333,WA,Pacific,46.5554,-123.7041
C1791,Swine,Feeder pigs,2024,Q4,Outbound,20,WA,Ferry,48.4686,-118.5168,MT,N/A,47.0527,-109.6333
C1792,Equids,Mules,2025,Q2,intrastate,741,WA,Ferry,48.4686,-118.5168,WA,Whitman,46.9008,-117.5231
C1792,Poultry,Ducks,2025,Q1,intrastate,7,WA,Wahkiakum,46.2918,-123.4243,WA,Grant,47.2043,-119.4535
C1793,Swine,Swine,2024,Q4,Intrastate,1026,WA,Okanogan,48.5485,-119.7401,WA,Skamania,46.0224,-121.915
C1794,Equids,Horses,2025,Q2,Intrastate,7,WA,Yakima,46.4568,-120.7375,WA,Jefferson,47.7495,-123.5974
C1794,Swine,Swine,2024,4,export,1264,WA,Whitman,46.9008,-117.5231,NV,N/A,39.3289,-116.6312
C1795,Equids,Horses,2025,Q3,Export,127,WA,Skamania County,,-121.915,NV,N/A,39.3289,-116.6312
C1796,Cattle,Dairy cattle,2025,Q4,Import,6,CA,N/A,37.1661,-119.4494,WA,Whatcom,48.8272,-121.7198
C1796,Cattle,"Beef cattle, cow-calf",2025,Q1,Inbound,269,NV,N/A,39.3289,-116.6312,WA,Mason County,47.3481,-123.193
C1796,Other,Alpaca,2024,Q2,Outbound,20,WA,Kittitas,47.1244,-120.6781,UT,N/A,39.3055,-111.6703
C1797,Equids,Horses,2024,Q3,Inbound,50,NV,N/A,39.3289,-116.6312,WA,Stevens,48.397,-117.8554
C1797,Swine,Swine,2025,Q4,Imports,0,NV,N/A,39.3289,-116.6312,WA,Ferry,48.4686,-118.5168
C1797,Other,Llama,2024,Q1,Export,257,WA,Benton,46.2392,-119.5109,CA,N/A,37.1661,-119.4494
C1798,Poultry,Chickens,2025,4,EXPORTS,6,WA,Pend Oreille,48.531,-117.2739,ID,N/A,44.3509,-114.613
C1799,Equids,Horses,2024,Q1,intrastate,319,WA,Columbia,46.2972,-117.9073,WA,Spokane,47.6511,-117.4514
C1800,Swine,Swine,2025,Q3,Imports,169,MT,N/A,47.0527,-109.6333,WA,Spokane,47.6201,-117.4044
C1800,Other,Alpaca,2024,Q3,Outbound,40,WA,Whitman,46.9008,-117.5231,NV,N/A,39.3289,-116.6312
C1800,Other,Alpaca,2024,Q4,Imports,13,UT,N/A,39.3055,-111.6703,WA,Spokane,47.6511,-117.4514
C1801,Small Ruminants,Goats,2025,Q2,Inbound,1120,OR,N/A,43.9336,-120.5583,WA,Spokane,47.6201,-117.4044
C1802,Small Ruminants,Sheep,2025,1,Intrastate,3530,WA,Yakima,46.4568,-120.7375,WA,Jefferson,47.7495,-123.5974
C1803,Cattle,Beef cattle,2025,Q2,Outbound,n/a,WA,Spokane,47.6201,-117.4044,ID,N/A,44.3509,-114.613
C1804,Small Ruminants,Goats,2025,Q3,Inbound,1196,ID,N/A,44.3509,-114.613,WA,Pacific,46.5554,-123.7041
C1805,Poultry,Turkeys,2025,Q4,Intrastate,3369,WA,Clark,45.7791,-122.4825,WA,Jefferson,47.7495,-123.5974
C1806,Swine,Swine,2025,Q2,import,32,MT,N/A,47.0527,-109.6333,WA,Klickitat,45.8746,-120.7893
C1806,Small Ruminants,Sheep,2024,Q1,intrastate,299,WA,Pacific,46.5554,-123.7041,WA,King,47.5211,-121.8523
C1807,Small Ruminants,Sheep,2025,Q4,export,287,WA,Stevens,48.397,-117.8554,ID,N/A,44.3509,-114.613
C1807,Swine,Feeder pigs,2024,Q4,export,31,WA,King,47.5211,-121.8523,UT,N/A,39.3055,-111.6703
C1808,Poultry,Ducks,2024,Q1,Intrastate,3073,WA,Whatcom,48.8582,-121.7668,WA,Yakima,46.4878,-120.7845
C1808,Poultry,Chickens,2024,Q3,Imports,4697,NV,N/A,39.3289,-116.6312,WA,Pend Oreille,48.531,-117.2739
C1809,Other,Alpaca,2025,Q4,intrastate,968,WA,Grant,47.2043,-119.4535,WA,Whitman,46.9008,-117.5231
C1810,Poultry,Ducks,2025,Q2,Export,3460,WA,Grant,47.2043,-119.4535,CA,N/A,37.1661,-119.4494
C1810,Small Ruminants,Goats,2025,Q2,Intrastate,2530,WA,Skamania,46.0224,-121.915,WA,Chelan,47.8677,-120.6182
C1810,Small Ruminants,Goats,2025,Q4,Inbound,14,ID,N/A,44.3509,-114.613,WA,Kittitas,47.1244,-120.6781
C1811,Equids,Mules,2025,Q2,export,206,WA,King,47.4901,-121.8053,UT,N/A,39.3055,-111.6703
C1812,Small Ruminants,Goats,2024,Q3,Imports,4857,OR,N/A,43.9336,-120.5583,WA,Grant,47.2353,-119.5005
C1813,Swine,Feeder pigs,2024,Q3,Imports,564,MT,N/A,47.0527,-109.6333,WA,Snohomish,48.0475,-121.6973
C1814,Other,Alpaca,2025,Q3,Export,495,WA,Spokane,47.6201,-117.4044,CA,N/A,37.1661,-119.4494
C1814,Swine,Swine,2024,Q2,import,3186,MT,N/A,47.0527,-109.6333,WA,Clark,45.7791,-122.4825
C1815,Poultry,Ducks,2024,Q1,Inbound,0,ID,N/A,44.3509,-114.613,WA,Yakima,46.4878,-120.7845
C1816,Cattle,Dairy cattle,2025,Q1,Import,422,CA,N/A,37.1661,-119.4494,WA,Franklin,46.5347,-118.8994
C1817,Swine,Feeder pigs,2025,Q1,Outbound,37,WA,Pacific,46.5554,-123.7041,UT,N/A,39.3055,-111.6703
C1818,Cattle,Dairy cattle,2024,Q4,Imports,3495,CA,N/A,37.1661,-119.4494,WA,Yakima,46.4878,-120.7845
C1819,Poultry,Chickens,2024,Q3,Intrastate,1170,WA,King,47.5211,-121.8523,WA,Whatcom,48.8582,-121.7668
C1820,Equids,Horses,2024,Q1,Intrastate,74,WA,Lincoln,47.5761,-118.4185,WA,Clark,45.7791,-122.4825
C1820,Cattle,Dairy cattle,2024,Q4,Intrastate,210,WA,Kittitas,47.1244,-120.6781,WA,Wahkiakum,46.2918,-123.4243
C1820,Small Ruminants,Goats,2024,Q1,EXPORTS,4403,WA,King,47.5211,-121.8523,ID,N/A,44.3509,-114.613
C1821,Cattle,Beef cattle,2025,2,Export,777,WA,Spokane,47.6201,-117.4044,CA,N/A,37.1661,-119.4494
C1822,Swine,Feeder pigs,2025,Q4,Export,74,WA,Spokane,47.6201,-117.4044,ID,N/A,44.3509,-114.613
C1823,Cattle,"Beef cattle, cow-calf",2025,Q3,EXPORTS,4722,WA,Ferry,48.4686,-118.5168,NV,N/A,39.3289,-116.6312
C1823,Swine,Feeder pigs,2025,Q3,Outbound,9,WA,Chelan,47.8677,-120.6182,OR,N/A,43.9336,-120.5583
C1824,Small Ruminants,Goats,2024,Q2,Export,92,WA,Lewis,46.579,-122.3927,ID,N/A,44.3509,-114.613
C1825,Small Ruminants,Goats,2025,Q1,Imports,16,MT,N/A,47.0527,-109.6333,WA,Columbia,46.2972,-117.9073
C1826,Poultry,Turkeys,2024,3,Outbound,,WA,Stevens,48.397,-117.8554,NV,N/A,39.3289,-116.6312
C1826,Small Ruminants,Sheep,2025,Q1,Imports,225,MT,N/A,47.0527,-109.6333,WA,Cowlitz,46.1932,-122.6808
C1827,Cattle,Beef cattle,2025,Q1,import,866,UT,N/A,39.3055,-111.6703,WA,Skagit,48.4804,-121.7291
C1828,Equids,Mules,2024,Q1,Imports,3,CA,N/A,37.1661,-119.4494,WA,Grant,47.2353,-119.5005
C1829,Cattle,Beef cattle,2025,Q3,Imports,18,UT,N/A,39.3055,-111.6703,WA,Grant,47.2043,-119.4535
C1830,Equids,Horses,2024,Q1,Intrastate,2941,WA,Benton,46.2392,-119.5109,WA,Walla Walla,46.2296,-118.4785
C1831,Swine,Swine,2025,4,intrastate,17,WA,Jefferson,47.7495,-123.5974,WA,Adams County,46.9835,-118.5611
C1831,Cattle,Dairy cattle,2024,Q1,Inbound,99,ID,N/A,44.3509,-114.613,WA,Stevens,48.397,-117.8554
C1831,Other,Alpaca,2024,Q3,Imports,76,ID,N/A,44.3509,-114.613,WA,Ferry,48.4686,-118.5168
C1832,Other,Alpaca,2024,Q1,Export,23,WA,King,47.5211,-121.8523,ID,N/A,44.3509,-114.613
C1832,Cattle,Dairy cattle,2025,Q1,Inbound,375,ID,N/A,44.3509,-114.613,WA,Clallam,48.0502,-123.9298
C1833,Small Ruminants,Sheep,2024,Q2,export,3269,WA,Klickitat,45.8746,-120.7893,ID,N/A,44.3509,-114.613
C1834,Small Ruminants,Goats,2025,4,Outbound,3422,WA,Skamania,46.0224,-121.915,MT,N/A,47.0527,-109.6333
C1834,Other,Alpaca,2024,Q3,import,6,OR,N/A,43.9336,-120.5583,WA,Stevens,48.397,-117.8554
C1835,Swine,Feeder pigs,2024,Q1,export,4815,WA,Yakima,46.4878,-120.7845,MT,N/A,47.0527,-109.6333
C1836,Swine,Swine,2025,Q1,Import,0,UT,N/A,39.3055,-111.6703,WA,Mason,47.3481,-123.193
C1837,Small Ruminants,Sheep,2024,Q4,import,1561,MT,N/A,47.0527,-109.6333,WA,Kittitas,47.1244,-120.6781
C1838,Other,Llama,2024,Q1,import,113,CA,N/A,37.1661,-119.4494,WA,King,47.5211,-121.8523
C1839,Swine,Swine,2025,3,export,88,WA,Grant,47.2043,-119.4535,MT,N/A,47.0527,-109.6333
C1839,Cattle,Beef cattle,2025,Q1,EXPORTS,1035,WA,San Juan,48.5775,-122.9654,ID,N/A,44.3509,-114.613
C1840,Small Ruminants,Sheep,2024,Q3,intrastate,1002,WA,Spokane,47.6511,-117.4514,WA,Whatcom,48.8582,-121.7668
C1841,Poultry,Turkeys,2025,Q4,Export,103,WA,Yakima,46.4568,-120.7375,NV,N/A,39.3289,-116.6312
C1842,Poultry,Chickens,2024,Q4,Inbound,44,MT,N/A,47.0527,-109.6333,WA,Whatcom,48.8582,-121.7668
C1842,Other,Llama,2024,Q3,EXPORTS,28,WA,King,47.5211,-121.8523,CA,N/A,37.1661,-119.4494
C1842,Small Ruminants,Sheep,2025,1,import,15,ID,N/A,44.3509,-114.613,WA,Yakima,46.4568,-120.7375
C1842,Other,Alpaca,2025,Q3,Outbound,18,WA,King,47.4901,-121.8053,ID,N/A,44.3509,-114.613
C1843,Equids,Mules,2024,Q4,Import,1928,OR,N/A,43.9336,-120.5583,WA,Kittitas,47.1244,-120.6781
C1843,Swine,Swine,2024,Q4,Outbound,0,WA,Walla Walla,46.2296,-118.4785,CA,N/A,37.1661,-119.4494
C1843,Poultry,Ducks,2025,Q4,Inbound,8,OR,N/A,43.9336,-120.5583,WA,Kittitas,47.1244,-120.6781
C1844,Swine,Swine,2024,Q1,Export,3902,WA,Whatcom,48.8582,-121.7668,CA,N/A,37.1661,-119.4494
C1845,Swine,Swine,2024,Q3,Export,5,WA,Skamania,46.0224,-121.915,CA,N/A,37.1661,-119.4494
C1846,Other,Alpaca,2024,Q4,export,4233,WA,Benton,46.2392,-119.5109,MT,N/A,47.0527,-109.6333
C1846,Poultry,Chickens,2025,Q2,export,121,WA,Columbia County,46.2972,-117.9073,CA,N/A,37.1661,-119.4494
C1847,Other,Llama,2025,3,Intrastate,53,WA,Benton,46.2392,-119.5109,WA,King County,47.4901,-121.8053
C1848,Cattle,Dairy cattle,2024,1,intrastate,14,WA,Whitman,46.9008,-117.5231,WA,Yakima,46.4878,-120.7845
C1849,Cattle,Beef cattle,2025,Q1,Inbound,1196,UT,N/A,39.3055,-111.6703,WA,Kittitas,47.1244,-120.6781
C1850,Other,Llama,2024,Q4,Imports,155,MT,N/A,47.0527,-109.6333,WA,Thurston,46.9256,-122.833
C1851,Other,Llama,2024,Q1,Inbound,7,UT,N/A,39.3055,-111.6703,WA,Whitman,46.9008,-117.5231
C1852,Equids,Horses,2024,Q1,intrastate,52,WA,Grant,47.2353,-119.5005,WA,Spokane,47.6511,-117.4514
C1853,Other,Llama,2024,Q2,Export,49,WA,Walla Walla,46.2296,-118.4785,OR,N/A,43.9336,-120.5583
C1853,Equids,Horses,2024,Q2,Intrastate,55,WA,Grant,47.2353,-119.5005,WA,Douglas,47.7357,-119.6935
C1853,Cattle,Beef cattle,2024,Q1,Outbound,847,WA,Klickitat,45.8746,-120.7893,CA,N/A,37.1661,-119.4494
C1854,Equids,Mules,2025,Q1,EXPORTS,0,WA,Spokane,47.6201,-117.4044,MT,N/A,47.0527,-109.6333
C1855,Swine,Feeder pigs,2025,Q3,import,119,MT,N/A,47.0527,-109.6333,WA,Whatcom,48.8272,-121.7198
C1855,Small Ruminants,Sheep,2025,Q1,Outbound,2015,WA,Stevens,48.397,-117.8554,UT,N/A,39.3055,-111.6703
C1856,Poultry,Chickens,2025,Q1,Intrastate,286,WA,King,47.4901,-121.8053,WA,Pend Oreille,48.531,-117.2739
C1857,Equids,Mules,2025,Q1,Outbound,953,WA,Stevens County,48.397,-117.8554,NV,N/A,39.3289,-116.6312
C1858,Poultry,Ducks,2024,Q2,import,2140,UT,N/A,39.3055,-111.6703,WA,Yakima,46.4878,-120.7845
C1859,Cattle,Beef cattle,2024,Q1,Imports,3484,CA,N/A,37.1661,-119.4494,WA,Benton,46.2392,-119.5109
C1860,Cattle,"Beef cattle, cow-calf",2024,Q2,import,108,CA,N/A,37.1661,-119.4494,WA,Whatcom,48.8582,-121.7668
C1861,Equids,Horses,2024,Q4,Imports,2476,MT,N/A,47.0527,-109.6333,WA,Yakima County,46.4878,-120.7845
C1861,Equids,Mules,2025,Q1,Imports,2661,ID,N/A,44.3509,-114.613,WA,Whatcom,48.8272,-121.7198
C1862,Small Ruminants,Sheep,2025,3,EXPORTS,3,WA,Whatcom,48.8272,-121.7198,NV,N/A,39.3289,-116.6312
C1863,Other,Alpaca,2025,4,Outbound,4,WA,Whatcom,48.8272,-121.7198,OR,N/A,43.9336,-120.5583
C1863,Poultry,Chickens,2024,Q4,Import,56,ID,N/A,44.3509,-114.613,WA,Clark,45.7791,-122.4825
C1863,Small Ruminants,Sheep,2025,Q3,Import,1445,ID,N/A,44.3509,-114.613,WA,Okanogan,48.5485,-119.7401
C1864,Small Ruminants,Sheep,2025,Q2,Inbound,2773,UT,N/A,39.3055,-111.6703,WA,Clark,45.7791,-122.4825
C1865,Other,Llama,2024,Q4,Imports,4,ID,N/A,44.3509,-114.613,WA,King County,47.5211,-121.8523
C1866,Other,Alpaca,2024,Q1,Imports,602,CA,N/A,37.1661,-119.4494,WA,Klickitat,45.8746,-120.7893
C1867,Other,Llama,2025,Q4,Imports,150,ID,N/A,44.3509,-114.613,WA,Klickitat,,-120.7893
C1867,Swine,Feeder pigs,2024,Q1,export,1385,WA,Cowlitz,46.1932,-122.6808,NV,N/A,39.3289,-116.6312
C1867,Other,Llama,2025,Q4,EXPORTS,72,WA,Garfield,46.4312,-117.545,MT,N/A,47.0527,-109.6333
C1868,Other,Llama,2025,Q1,intrastate,410,WA,Spokane,47.6201,-117.4044,WA,Cowlitz,46.1932,-122.6808
C1869,Poultry,Ducks,2024,Q4,import,47,NV,N/A,39.3289,-116.6312,WA,Kittitas,47.1244,-120.6781
C1869,Poultry,Ducks,2025,Q4,EXPORTS,8,WA,King,47.4901,-121.8053,ID,N/A,44.3509,-114.613
C1869,Other,Alpaca,2024,Q4,import,804,UT,N/A,39.3055,-111.6703,WA,Yakima,46.4878,-120.7845
C1870,Equids,Horses,2024,Q3,Outbound,4,WA,Chelan,47.8677,-120.6182,MT,N/A,47.0527,-109.6333
C1870,Poultry,Chickens,2024,Q2,Inbound,45,NV,N/A,39.3289,-116.6312,WA,Yakima,46.4878,-120.7845
C1871,Poultry,Chickens,2025,Q2,import,909,UT,N/A,39.3055,-111.6703,WA,King,47.4901,-121.8053
C1871,Equids,Mules,2025,Q4,Imports,3,CA,N/A,37.1661,-119.4494,WA,Whatcom,48.8272,-121.7198
C1872,Equids,Mules,2025,Q1,Intrastate,89,WA,Skamania,46.0224,-121.915,WA,Spokane,47.6201,-117.4044
C1873,Cattle,Beef cattle,2024,Q2,Outbound,329,WA,Kitsap,47.6125,-122.6764,CA,N/A,37.1661,-119.4494
C1873,Cattle,"Beef cattle, cow-calf",2024,Q2,export,23,WA,Yakima,46.4878,-120.7845,MT,N/A,47.0527,-109.6333
C1873,Poultry,Chickens,2024,Q4,Inbound,441,UT,N/A,39.3055,-111.6703,WA,Yakima,46.4878,-120.7845
C1874,Swine,Feeder pigs,2024,Q1,export,1178,WA,Yakima,46.4878,-120.7845,ID,N/A,44.3509,-114.613
C1875,Small Ruminants,Sheep,2024,Q2,Imports,39,OR,N/A,43.9336,-120.5583,WA,King,47.5211,-121.8523
C1875,Equids,Mules,2024,Q3,Import,11,ID,N/A,44.3509,-114.613,WA,Okanogan,48.5485,-119.7401
C1876,Equids,Mules,2024,Q2,Imports,16,ID,N/A,44.3509,-114.613,WA,Whatcom County,48.8582,-121.7668
C1877,Poultry,Chickens,2024,Q4,import,74,UT,N/A,39.3055,-111.6703,WA,Clark,45.7791,-122.4825
C1878,Cattle,"Beef cattle, cow-calf",2025,Q4,intrastate,233,WA,Grant,47.2043,-119.4535,WA,Grant,47.2043,-119.4535
C1879,Swine,Swine,2024,Q2,export,73,WA,Grant,47.2353,-119.5005,ID,N/A,44.3509,-114.613
C1880,Other,Alpaca,2024,Q2,export,17,WA,Yakima,46.4878,-120.7845,UT,N/A,39.3055,-111.6703
C1880,Equids,Horses,2025,Q4,Outbound,7,WA,Pend Oreille,48.531,-117.2739,OR,N/A,43.9336,-120.5583
C1881,Other,Llama,2025,Q2,Inbound,339,MT,N/A,47.0527,-109.6333,WA,Columbia,46.2972,-117.9073
C1881,Other,Llama,2024,Q1,Inbound,199,NV,N/A,39.3289,-116.6312,WA,Klickitat,45.8746,-120.7893
C1882,Equids,Horses,2025,Q3,Import,30,CA,N/A,37.1661,-119.4494,WA,Snohomish,48.0475,-121.6973
C1883,Swine,Swine,2024,1,intrastate,109,WA,Skamania County,46.0224,-121.915,WA,Yakima,46.4878,-120.7845
C1884,Swine,Feeder pigs,2024,Q4,Import,7,UT,N/A,39.3055,-111.6703,WA,Jefferson,47.7495,-123.5974
C1885,Cattle,Beef cattle,2025,Q2,Import,907,OR,N/A,43.9336,-120.5583,WA,Klickitat,45.8746,-120.7893
C1885,Equids,Horses,2025,Q2,Export,110,WA,King,47.4901,-121.8053,MT,N/A,47.0527,-109.6333
C1886,Equids,Mules,2025,Q3,intrastate,2974,WA,Walla Walla,46.2296,-118.4785,WA,Stevens,48.397,-117.8554
C1886,Cattle,Beef cattle,2024,1,Import,499,ID,N/A,44.3509,-114.613,WA,Stevens,48.397,-117.8554
C1886,Cattle,Dairy cattle,2024,Q2,Imports,8,ID,N/A,44.3509,-114.613,WA,Kittitas,47.1244,-120.6781
C1886,Poultry,Ducks,2025,3,Imports,0,NV,N/A,39.3289,-116.6312,WA,Pend Oreille,48.531,-117.2739
C1887,Small Ruminants,Sheep,2024,1,Outbound,40,WA,Pacific,46.5554,-123.7041,ID,N/A,44.3509,-114.613
C1888,Swine,Feeder pigs,2024,Q3,Export,1455,WA,Pend Oreille,48.531,-117.2739,ID,N/A,44.3509,-114.613
C1888,Other,Alpaca,2025,2,Intrastate,16,WA,Pend Oreille,48.531,-117.2739,WA,Mason,47.3481,-123.193
C1889,Small Ruminants,Sheep,2025,2,Import,173,UT,N/A,39.3055,-111.6703,WA,Skamania,46.0224,-121.915
C1890,Cattle,Dairy cattle,2024,Q1,Inbound,683,ID,N/A,44.3509,-114.613,WA,King,47.5211,-121.8523
C1891,Other,Llama,2025,Q4,Inbound,67,MT,N/A,47.0527,-109.6333,WA,Lewis,46.579,-122.3927
C1892,Small Ruminants,Sheep,2025,Q1,Outbound,29,WA,Lincoln,47.5761,-118.4185,NV,N/A,39.3289,-116.6312
C1893,Cattle,Beef cattle,2025,Q1,export,23,WA,King County,47.4901,-121.8053,UT,N/A,39.3055,-111.6703
C1894,Other,Alpaca,2025,Q2,import,113,ID,N/A,44.3509,-114.613,WA,Mason,47.3481,-123.193
C1895,Other,Llama,2025,Q1,EXPORTS,18,WA,Whitman,46.9008,-117.5231,UT,N/A,39.3055,-111.6703
C1895,Other,Llama,2024,Q4,Imports,7,CA,N/A,37.1661,-119.4494,WA,Whitman,46.9008,-117.5231
C1895,Equids,Mules,2025,Q3,intrastate,4,WA,Pierce,47.024,-122.1031,WA,Klickitat,45.8746,-120.7893
C1896,Poultry,Ducks,2024,Q1,Imports,736,UT,N/A,39.3055,-111.6703,WA,Spokane,47.6511,-117.4514
C1896,Other,Llama,2025,Q3,import,50,CA,N/A,37.1661,-119.4494,WA,Snohomish,48.0475,-121.6973
C1897,Swine,Swine,2025,Q1,Import,681,OR,N/A,43.9336,-120.5583,WA,Kitsap,47.6125,-122.6764
C1898,Poultry,Ducks,2024,1,Imports,19,NV,N/A,39.3289,-116.6312,WA,Whatcom,48.8582,-121.7668
C1899,Cattle,Dairy cattle,2025,Q1,Inbound,209,MT,N/A,47.0527,-109.6333,WA,Kittitas,47.1244,-120.6781
C1899,Poultry,Ducks,2025,Q1,Import,5,MT,N/A,47.0527,-109.6333,WA,Skamania County,46.0224,-121.915
C1900,Other,Alpaca,2025,Q3,import,20,MT,N/A,47.0527,-109.6333,WA,Stevens,48.397,-117.8554
C1900,Poultry,Chickens,2025,Q2,Import,7,NV,N/A,39.3289,-116.6312,WA,Clallam,48.0502,-123.9298
C1901,Swine,Swine,2025,Q4,export,14,WA,Whitman,46.9008,-117.5231,MT,N/A,47.0527,-109.6333
C1902,Small Ruminants,Sheep,2024,Q4,,382,CA,N/A,37.1661,-119.4494,WA,Grant,47.2353,-119.5005
C1903,Other,Llama,2025,Q3,Outbound,29,WA,Grant,47.2043,-119.4535,NV,N/A,39.3289,-116.6312
C1903,Cattle,"Beef cattle, cow-calf",2025,Q3,intrastate,12,WA,Yakima,46.4568,-120.7375,WA,Grant,47.2043,-119.4535
C1904,Small Ruminants,Sheep,2025,Q2,Import,93,CA,N/A,37.1661,-119.4494,WA,Whatcom,48.8272,-121.7198
C1905,Equids,Horses,2025,Q3,import,28,UT,N/A,39.3055,-111.6703,WA,Kitsap,47.6125,-122.6764
C1905,Poultry,Turkeys,2025,Q2,Import,746,CA,N/A,37.1661,-119.4494,WA,Klickitat,45.8746,-120.7893
C1905,Small Ruminants,Goats,2025,Q3,intrastate,3,WA,Franklin,46.5347,-118.8994,WA,Klickitat,45.8746,-120.7893
C1906,Cattle,Beef cattle,2025,3,Imports,2820,CA,N/A,37.1661,-119.4494,WA,Yakima,46.4568,-120.7375
C1907,Other,Alpaca,2025,Q1,Export,10,WA,Grant County,47.2043,-119.4535,UT,N/A,39.3055,-111.6703
C1908,Other,Llama,2024,Q1,Inbound,5,UT,N/A,39.3055,-111.6703,WA,Yakima,46.4878,-120.7845
C1908,Poultry,Turkeys,2025,Q3,Outbound,30,WA,Clark,45.7791,-122.4825,NV,N/A,39.3289,-116.6312
C1909,Small Ruminants,Sheep,2025,1,import,2951,NV,N/A,39.3289,-116.6312,WA,Clallam,48.0502,-123.9298
C1910,Equids,Mules,2024,Q3,Inbound,67,NV,N/A,39.3289,-116.6312,WA,King,47.5211,-121.8523
C1910,Swine,Feeder pigs,2025,Q2,Imports,2932,CA,N/A,37.1661,-119.4494,WA,Yakima,46.4568,-120.7375
C1911,Poultry,Chickens,2025,Q1,Inbound,1624,CA,N/A,37.1661,-119.4494,WA,Whatcom,48.8272,-121.7198
C1912,Cattle,Dairy cattle,2025,Q4,Import,3459,MT,N/A,47.0527,-109.6333,WA,Stevens,48.397,-117.8554
C1912,Other,Alpaca,2025,Q4,import,1953,OR,N/A,43.9336,-120.5583,WA,Spokane,47.6201,-117.4044
C1913,Cattle,Beef cattle,2025,Q3,Inbound,141,UT,N/A,39.3055,-111.6703,WA,Columbia,46.2972,-117.9073
C1914,Poultry,Turkeys,2025,1,Inbound,16,ID,N/A,44.3509,-114.613,WA,Kittitas,47.1244,-120.6781
C1915,Other,Llama,2025,Q1,Export,107,WA,Spokane,47.6201,-117.4044,CA,N/A,37.1661,-119.4494
C1915,Small Ruminants,Goats,2025,Q2,Inbound,160,OR,N/A,43.9336,-120.5583,WA,Whatcom,48.8272,-121.7198
C1915,Swine,Swine,2024,Q4,Intrastate,4,WA,Wahkiakum,46.2918,-123.4243,WA,Whitman,46.9008,-117.5231
C1916,Small Ruminants,Goats,2025,Q3,Imports,3642,ID,N/A,44.3509,-114.613,WA,Spokane County,47.6201,-117.4044
C1916,Cattle,"Beef cattle, cow-calf",2024,Q4,export,12,WA,Grant,47.2353,-119.5005,NV,N/A,39.3289,-116.6312
C1916,Cattle,Beef cattle,2025,Q4,Import,1089,UT,N/A,39.3055,-111.6703,WA,Columbia,46.2972,-117.9073
C1917,Cattle,Dairy cattle,2024,Q2,,1277,UT,N/A,39.3055,-111.6703,WA,Jefferson,47.7495,-123.5974
C1917,Swine,Feeder pigs,2024,1,Export,3319,WA,Clark,45.7791,-122.4825,MT,N/A,47.0527,-109.6333
C1918,Other,Alpaca,2025,Q3,Imports,13,CA,N/A,37.1661,-119.4494,WA,Columbia,46.2972,-117.9073
C1919,Poultry,Turkeys,2025,Q4,Outbound,194,WA,Kittitas,47.1244,-120.6781,OR,N/A,43.9336,-120.5583
C1920,Swine,Swine,2025,3,Import,1100,NV,N/A,39.3289,-116.6312,WA,Skamania,46.0224,-121.915
C1920,Swine,Feeder pigs,2025,Q2,Outbound,3409,WA,Cowlitz,46.1932,-122.6808,ID,N/A,44.3509,-114.613
C1921,Other,Alpaca,2025,Q1,Inbound,28,OR,N/A,43.9336,-120.5583,WA,Yakima,46.4568,-120.7375
C1921,Swine,Swine,2025,Q1,intrastate,256,WA,Yakima,46.4568,-120.7375,WA,Columbia,46.2972,-117.9073
C1922,Equids,Mules,2024,3,intrastate,423,WA,Grant,47.2353,-119.5005,WA,Grant,47.2353,-119.5005
C1923,Cattle,Beef cattle,2025,Q1,Outbound,5,WA,Franklin,46.5347,-118.8994,MT,N/A,47.0527,-109.6333
C1924,Small Ruminants,Goats,2024,Q1,export,3,WA,Skamania,46.0224,-121.915,UT,N/A,39.3055,-111.6703
C1925,Other,Llama,2024,3,Outbound,283,WA,Spokane,47.6511,-117.4514,UT,N/A,39.3055,-111.6703
C1925,Poultry,Ducks,2025,Q3,Intrastate,114,WA,Yakima,46.4568,-120.7375,WA,Spokane,47.6201,-117.4044
C1925,Equids,Mules,2025,Q3,import,163,ID,N/A,44.3509,-114.613,WA,Grant,47.2043,-119.4535
C1926,Swine,Swine,2024,Q3,Export,30,WA,Whatcom,48.8582,-121.7668,CA,N/A,37.1661,-119.4494
C1927,Poultry,Turkeys,2025,Q3,Outbound,631,WA,Whatcom,48.8272,-121.7198,ID,N/A,44.3509,-114.613
C1928,Cattle,Dairy cattle,2025,Q2,Export,78,WA,Ferry,48.4686,-118.5168,UT,N/A,39.3055,-111.6703
C1928,Equids,Horses,2024,Q4,Outbound,5,WA,Clark,45.7791,-122.4825,UT,N/A,39.3055,-111.6703
C1929,Swine,Feeder pigs,2024,Q2,Outbound,14,WA,Franklin,46.5347,-118.8994,UT,N/A,39.3055,-111.6703
C1929,Swine,Feeder pigs,2025,Q1,intrastate,7,WA,Whatcom,48.8272,-121.7198,WA,King,47.4901,-121.8053
C1929,Small Ruminants,Goats,2024,Q2,Imports,705,CA,N/A,37.1661,-119.4494,WA,Whatcom,48.8582,-121.7668
C1930,Other,Alpaca,2024,Q2,Export,7,WA,Grant,47.2353,-119.5005,MT,N/A,47.0527,-109.6333
C1931,Poultry,Chickens,2024,Q4,EXPORTS,0,WA,Kittitas,47.1244,-120.6781,MT,N/A,47.0527,-109.6333
C1931,Other,Alpaca,2024,Q2,Imports,60,OR,N/A,43.9336,-120.5583,WA,Yakima,46.4878,-120.7845
C1931,Swine,Feeder pigs,2025,Q4,Import,0,UT,N/A,39.3055,-111.6703,WA,Yakima,46.4568,-120.7375
C1932,Other,Llama,2024,Q2,Import,14,OR,N/A,43.9336,-120.5583,WA,Kitsap,47.6125,-122.6764
C1933,Equids,Mules,2024,2,Outbound,2984,WA,Yakima,46.4878,-120.7845,CA,N/A,37.1661,-119.4494
C1934,Poultry,Chickens,2024,Q3,Import,3,UT,N/A,39.3055,-111.6703,WA,Whatcom,48.8582,-121.7668
C1935,Other,Llama,2025,Q2,Import,16,OR,N/A,43.9336,-120.5583,WA,Garfield,46.4312,-117.545
C1936,Cattle,Beef cattle,2024,Q3,Outbound,4014,WA,Lincoln,47.5761,-118.4185,UT,N/A,39.3055,-111.6703
C1936,Other,Alpaca,2025,Q3,Import,130,NV,N/A,39.3289,-116.6312,WA,King,47.4901,-121.8053
C1937,Equids,Mules,2024,3,export,168,WA,Yakima,46.4878,-120.7845,ID,N/A,44.3509,-114.613
C1938,Equids,Horses,2025,Q1,Outbound,140,WA,Columbia,46.2972,-117.9073,NV,N/A,39.3289,-116.6312
C1939,Equids,Horses,2024,1,Inbound,46,MT,N/A,47.0527,-109.6333,WA,Franklin,46.5347,-118.8994
C1939,Poultry,Ducks,2025,Q1,EXPORTS,102,WA,Franklin,46.5347,-118.8994,ID,N/A,44.3509,-114.613
C1940,Other,Llama,2024,Q4,export,31,WA,Yakima,46.4878,-120.7845,CA,N/A,37.1661,-119.4494
C1941,Poultry,Ducks,2025,Q1,import,1054,ID,N/A,44.3509,-114.613,WA,Spokane,,-117.4044
C1942,Poultry,Ducks,2025,Q2,import,111,ID,N/A,44.3509,-114.613,WA,Kitsap,47.6125,-122.6764
C1943,Small Ruminants,Sheep,2024,3,Outbound,468,WA,Grant,47.2353,-119.5005,NV,N/A,39.3289,-116.6312
C1944,Swine,Feeder pigs,2025,Q2,import,1562,OR,N/A,43.9336,-120.5583,WA,Whitman,46.9008,-117.5231
C1944,Swine,Swine,2024,Q4,Imports,14,MT,N/A,47.0527,-109.6333,WA,Pacific,46.5554,-123.7041
C1945,Other,Llama,2025,Q3,import,4162,ID,N/A,44.3509,-114.613,WA,Mason,47.3481,-123.193
C1946,Cattle,Dairy cattle,2025,Q1,Intrastate,17,WA,Franklin County,46.5347,-118.8994,WA,Spokane,47.6201,-117.4044
C1947,Cattle,Beef cattle,2025,Q2,import,840,UT,N/A,39.3055,-111.6703,WA,Whitman,46.9008,-117.5231
C1947,Swine,Feeder pigs,2025,Q2,Import,7,OR,N/A,43.9336,-120.5583,WA,Kittitas,47.1244,-120.6781
C1948,Poultry,Turkeys,2024,Q3,,146,UT,N/A,39.3055,-111.6703,WA,Mason,47.3481,-123.193
C1949,Swine,Feeder pigs,2025,3,Import,8,UT,N/A,39.3055,-111.6703,WA,Grant,47.2043,-119.4535
C1950,Swine,Swine,2024,Q2,import,297,ID,N/A,44.3509,-114.613,WA,King,47.5211,-121.8523
C1951,Swine,Feeder pigs,2024,Q4,Import,21,UT,N/A,39.3055,-111.6703,WA,Thurston,46.9256,-122.833
C1951,Other,Alpaca,2025,3,import,0,NV,N/A,39.3289,-116.6312,WA,Mason,47.3481,-123.193
C1952,Small Ruminants,Goats,2025,Q3,Imports,23,OR,N/A,43.9336,-120.5583,WA,Columbia,46.2972,-117.9073
C1952,Other,Llama,2024,Q3,import,500,MT,N/A,47.0527,-109.6333,WA,Walla Walla,46.2296,-118.4785
C1953,Swine,Swine,2025,Q1,Export,14,WA,Skamania County,46.0224,-121.915,UT,N/A,39.3055,-111.6703
C1954,Other,Alpaca,2024,1,Import,12,UT,N/A,39.3055,-111.6703,WA,Yakima,46.4878,-120.7845
C1955,Swine,Feeder pigs,2024,Q3,Inbound,6,OR,N/A,43.9336,-120.5583,WA,Kittitas,47.1244,-120.6781
C1955,Poultry,Ducks,2024,Q1,import,2140,NV,N/A,39.3289,-116.6312,WA,Yakima,46.4878,-120.7845
C1955,Poultry,Turkeys,2025,Q4,export,7,WA,Whatcom,48.8272,-121.7198,CA,N/A,37.1661,-119.4494
C1956,Poultry,Chickens,2024,Q3,intrastate,20,WA,Columbia County,46.2972,-117.9073,WA,Grant,47.2353,-119.5005
C1957,Poultry,Turkeys,2025,Q4,import,492,NV,N/A,39.3289,-116.6312,WA,King,47.4901,-121.8053
C1958,Small Ruminants,Sheep,2024,Q1,export,118,WA,King County,47.5211,-121.8523,OR,N/A,43.9336,-120.5583
C1959,Poultry,Turkeys,2024,Q1,Inbound,0,OR,N/A,43.9336,-120.5583,WA,Garfield,46.4312,-117.545
C1960,Cattle,Beef cattle,2024,Q1,Export,30,WA,Columbia,46.2972,-117.9073,NV,N/A,39.3289,-116.6312
C1961,Poultry,Chickens,2024,Q3,Outbound,117,WA,Kitsap County,47.6125,-122.6764,UT,N/A,39.3055,-111.6703
C1961,Equids,Horses,2025,Q1,EXPORTS,3273,WA,Spokane,47.6201,-117.4044,OR,N/A,43.9336,-120.5583
C1961,Swine,Swine,2025,Q3,Imports,2552,ID,N/A,44.3509,-114.613,WA,Ferry,48.4686,-118.5168
C1962,Cattle,"Beef cattle, cow-calf",2024,Q3,intrastate,,WA,Klickitat,45.8746,-120.7893,WA,Douglas County,47.7357,-119.6935
C1963,Equids,Horses,2025,Q1,Export,4,WA,Mason,47.3481,-123.193,NV,N/A,39.3289,-116.6312
C1963,Swine,Swine,2024,Q4,export,1017,WA,Grant,47.2353,-119.5005,NV,N/A,39.3289,-116.6312
C1963,Other,Alpaca,2025,Q2,export,4,WA,Columbia,46.2972,-117.9073,ID,N/A,44.3509,-114.613
C1964,Swine,Swine,2024,Q4,Inbound,409,CA,N/A,37.1661,-119.4494,WA,Okanogan County,48.5485,-119.7401
C1965,Small Ruminants,Sheep,2024,Q4,export,3,WA,Yakima,46.4878,-120.7845,UT,N/A,39.3055,-111.6703
C1965,Poultry,Turkeys,2024,Q1,EXPORTS,3,WA,Yakima County,46.4878,-120.7845,NV,N/A,39.3289,-116.6312
C1965,Poultry,Turkeys,2024,2,Imports,119,NV,N/A,39.3289,-116.6312,WA,Okanogan,48.5485,-119.7401
C1966,Poultry,Ducks,2025,Q1,Intrastate,12,WA,Grant,47.2043,-119.4535,WA,Spokane,47.6201,-117.4044
C1967,Swine,Feeder pigs,2024,Q2,import,47,CA,N/A,37.1661,-119.4494,WA,Columbia,46.2972,-117.9073
C1967,Other,Llama,2025,Q2,import,3946,MT,N/A,47.0527,-109.6333,WA,King,47.4901,-121.8053
C1968,Equids,Mules,2024,Q3,export,1771,WA,Asotin County,46.1916,-117.203,CA,N/A,37.1661,-119.4494
C1968,Other,Llama,2024,Q1,EXPORTS,204,WA,Yakima,46.4878,-120.7845,CA,N/A,37.1661,-119.4494
C1969,Equids,Horses,2025,Q1,export,177,WA,Yakima,46.4568,-120.7375,ID,N/A,44.3509,-114.613
C1969,Poultry,Ducks,2025,Q2,EXPORTS,6,WA,Clallam,48.0502,-123.9298,NV,N/A,39.3289,-116.6312
C1970,Swine,Swine,2025,Q1,intrastate,0,WA,King County,47.4901,-121.8053,WA,King,47.4901,-121.8053
C1971,Equids,Mules,2025,Q2,Import,869,UT,N/A,39.3055,-111.6703,WA,Grant,47.2043,-119.4535
C1972,Swine,Swine,2025,Q1,Outbound,4192,WA,Stevens,48.397,-117.8554,OR,N/A,43.9336,-120.5583
C1973,Cattle,"Beef cattle, cow-calf",2024,Q1,Imports,8,CA,N/A,37.1661,-119.4494,WA,Grant,47.2353,-119.5005
C1973,Small Ruminants,Sheep,2025,Q3,Inbound,3586,ID,N/A,44.3509,-114.613,WA,Columbia,46.2972,-117.9073
C1973,Small Ruminants,Sheep,2024,Q3,Export,940,WA,Grant,47.2353,-119.5005,CA,N/A,37.1661,-119.4494
C1974,Other,Llama,2024,Q1,Import,507,OR,N/A,43.9336,-120.5583,WA,Whitman County,46.9008,-117.5231
C1975,Swine,Feeder pigs,2025,Q1,Inbound,84,MT,N/A,47.0527,-109.6333,WA,Clallam,48.0502,-123.9298
C1976,Equids,Horses,2025,Q4,EXPORTS,0,WA,Spokane,47.6201,-117.4044,NV,N/A,39.3289,-116.6312
C1977,Poultry,Chickens,2025,Q2,intrastate,14,WA,Pend Oreille,48.531,-117.2739,WA,Yakima,46.4568,-120.7375
C1978,Small Ruminants,Goats,2025,Q2,intrastate,5,WA,Grant,47.2043,-119.4535,WA,Walla Walla,46.2296,-118.4785
C1979,Equids,Mules,2025,Q3,Import,555,CA,N/A,37.1661,-119.4494,WA,Klickitat,45.8746,-120.7893
C1979,Cattle,"Beef cattle, cow-calf",2025,Q1,Export,234,WA,Columbia,46.2972,-117.9073,NV,N/A,39.3289,-116.6312
C1980,Cattle,"Beef cattle, cow-calf",2025,Q4,Export,647,WA,Spokane,47.6201,-117.4044,UT,N/A,39.3055,-111.6703
C1980,Poultry,Chickens,2025,Q2,EXPORTS,57,WA,King,47.4901,-121.8053,OR,N/A,43.9336,-120.5583
C1981,Cattle,Dairy cattle,2025,Q3,Export,9,WA,Whatcom,48.8272,-121.7198,ID,N/A,44.3509,-114.613
C1982,Cattle,Beef cattle,,Q2,import,12,CA,N/A,37.1661,-119.4494,WA,Clark,45.7791,-122.4825
C1983,Equids,Mules,2024,Q4,Outbound,1998,WA,Pacific County,46.5554,-123.7041,OR,N/A,43.9336,-120.5583
C1984,Other,Llama,2025,Q3,Intrastate,78,WA,Kitsap,47.6125,-122.6764,WA,Spokane,47.6201,-117.4044
C1985,Swine,Feeder pigs,2024,Q1,Inbound,27,NV,N/A,39.3289,-116.6312,WA,Whatcom,48.8582,-121.7668
C1986,Cattle,"Beef cattle, cow-calf",2025,Q3,Imports,4,NV,N/A,39.3289,-116.6312,WA,Cowlitz,46.1932,-122.6808
C1987,Poultry,Ducks,2025,Q3,EXPORTS,3884,WA,Klickitat,45.8746,-120.7893,OR,N/A,43.9336,-120.5583
C1988,Swine,Swine,2025,Q4,import,292,CA,N/A,37.1661,-119.4494,WA,Stevens,48.397,-117.8554
C1989,Poultry,Chickens,2025,Q2,Outbound,7,WA,Whatcom,48.8272,-121.7198,ID,N/A,44.3509,-114.613
C1989,Small Ruminants,Sheep,2025,Q3,EXPORTS,35,WA,King,47.4901,-121.8053,ID,N/A,44.3509,-114.613
C1989,Small Ruminants,Sheep,2024,Q1,Inbound,6,OR,N/A,43.9336,-120.5583,WA,Yakima County,46.4878,-120.7845
C1990,Poultry,Chickens,2024,Q2,,6,MT,N/A,47.0527,-109.6333,WA,Spokane,47.6511,-117.4514
C1991,Swine,Swine,2024,Q3,Outbound,131,WA,Klickitat,45.8746,-120.7893,UT,N/A,39.3055,-111.6703
C1991,Cattle,"Beef cattle, cow-calf",2024,Q1,Import,1418,MT,N/A,47.0527,-109.6333,WA,Pend Oreille,48.531,-117.2739
C1992,Small Ruminants,Sheep,2024,4,Outbound,2536,WA,Kitsap,47.6125,-122.6764,OR,N/A,43.9336,-120.5583
C1993,Swine,Feeder pigs,2024,Q3,Intrastate,332,WA,Skamania,46.0224,-121.915,WA,King,47.5211,-121.8523
C1993,Swine,Feeder pigs,2025,Q1,intrastate,229,WA,Columbia,46.2972,-117.9073,WA,King,47.4901,-121.8053
C1994,Small Ruminants,Sheep,2024,Q3,Outbound,58,WA,Whatcom,48.8582,-121.7668,OR,N/A,43.9336,-120.5583
C1994,Small Ruminants,Sheep,2025,Q1,EXPORTS,1022,WA,Ferry,48.4686,-118.5168,UT,N/A,39.3055,-111.6703
C1995,Cattle,Beef cattle,2024,1,export,2867,WA,Grant,47.2353,-119.5005,ID,N/A,44.3509,-114.613
C1995,Cattle,Dairy cattle,2024,Q1,Intrastate,3403,WA,Yakima County,46.4878,-120.7845,WA,Whatcom,48.8582,-121.7668
C1996,Swine,Swine,2025,Q4,Import,1402,MT,N/A,47.0527,-109.6333,WA,Chelan,47.8677,-120.6182
C1996,Equids,Horses,2024,Q3,Intrastate,215,WA,Whatcom,48.8582,-121.7668,WA,Grant,47.2353,-119.5005
C1996,Swine,Swine,2024,Q4,Outbound,194,WA,Garfield,46.4312,-117.545,ID,N/A,44.3509,-114.613
C1996,Poultry,Chickens,2025,Q1,Outbound,47,WA,Yakima,46.4568,-120.7375,NV,N/A,39.3289,-116.6312
C1996,Equids,Horses,2025,Q2,Inbound,4403,MT,N/A,47.0527,-109.6333,WA,Island,48.1627,-122.5477
C1997,Swine,Feeder pigs,2024,Q1,Imports,146,OR,N/A,43.9336,-120.5583,WA,Clallam,48.0502,-123.9298
C1997,Swine,Swine,2025,2,Import,9,UT,N/A,39.3055,-111.6703,WA,Stevens County,48.397,-117.8554
C1997,Small Ruminants,Sheep,2025,Q3,Outbound,1467,WA,Yakima,46.4568,-120.7375,CA,N/A,37.1661,-119.4494
C1997,Other,Alpaca,2025,4,Intrastate,91,WA,Spokane,47.6201,-117.4044,WA,Wahkiakum,46.2918,-123.4243
C1998,Equids,Mules,2025,Q4,intrastate,73,WA,Klickitat,45.8746,-120.7893,WA,Spokane,47.6201,-117.4044
C1999,Equids,Horses,2025,Q1,EXPORTS,0,WA,Stevens,48.397,-117.8554,ID,N/A,44.3509,-114.613
C2000,Other,Llama,2024,1,export,566,WA,Whitman,46.9008,-117.5231,UT,N/A,39.3055,-111.6703
C2001,Swine,Swine,2025,1,Outbound,361,WA,Grant,47.2043,-119.4535,CA,N/A,37.1661,-119.4494
C2002,Equids,Mules,2024,Q1,EXPORTS,7,WA,Benton,46.2392,-119.5109,UT,N/A,39.3055,-111.6703
C2003,Other,Alpaca,2024,Q3,Imports,68,UT,N/A,39.3055,-111.6703,WA,Spokane,47.6511,-117.4514
C2004,Small Ruminants,Goats,2025,Q3,Intrastate,4,WA,Spokane,47.6201,-117.4044,WA,Spokane,47.6201,-117.4044
C2005,Cattle,Beef cattle,2025,Q4,export,1331,WA,Wahkiakum County,46.2918,-123.4243,OR,N/A,43.9336,-120.5583
C2006,Swine,Swine,2024,Q3,Import,3496,NV,N/A,39.3289,-116.6312,WA,Whatcom County,48.8582,-121.7668
C2007,Swine,Swine,2024,Q4,EXPORTS,26,WA,Kitsap,47.6125,-122.6764,MT,N/A,47.0527,-109.6333
C2008,Small Ruminants,Goats,2025,Q3,export,5,WA,King,47.4901,-121.8053,MT,N/A,47.0527,-109.6333
C2009,Cattle,Beef cattle,2024,Q3,EXPORTS,1070,WA,Asotin,46.1916,-117.203,OR,N/A,43.9336,-120.5583
C2010,Poultry,Ducks,2024,Q3,Import,284,CA,N/A,37.1661,-119.4494,WA,Skamania,46.0224,-121.915
C2011,Equids,Mules,2025,Q3,Intrastate,2609,WA,Okanogan,48.5485,-119.7401,WA,Island County,48.1627,-122.5477
C2012,Poultry,Chickens,2025,Q3,export,1353,WA,Garfield,46.4312,-117.545,CA,N/A,37.1661,-119.4494
C2012,Equids,Mules,2025,Q3,export,3,WA,Wahkiakum,46.2918,-123.4243,CA,N/A,37.1661,-119.4494
C2013,Poultry,Chickens,2025,Q3,Export,983,WA,Spokane,47.6201,-117.4044,OR,N/A,43.9336,-120.5583
C2014,Poultry,Turkeys,2025,Q2,export,5,WA,Lincoln,47.5761,-118.4185,MT,N/A,47.0527,-109.6333
C2015,Equids,Horses,2024,Q2,import,27,OR,N/A,43.9336,-120.5583,WA,Stevens,48.397,-117.8554
C2015,Equids,Horses,2024,Q2,intrastate,6,WA,Whitman,46.9008,-117.5231,WA,Snohomish County,48.0475,-121.6973
C2016,Cattle,Dairy cattle,2024,Q4,Export,240,WA,Grant,47.2353,-119.5005,OR,N/A,43.9336,-120.5583
C2017,Other,Alpaca,2024,Q2,Import,0,CA,N/A,37.1661,-119.4494,WA,Spokane,47.6511,-117.4514
C2018,Equids,Horses,2025,Q4,export,1295,WA,Snohomish,48.0475,-121.6973,UT,N/A,39.3055,-111.6703
C2019,Swine,Swine,2024,Q1,Imports,4,MT,N/A,47.0527,-109.6333,WA,Yakima,46.4878,-120.7845
C2020,Equids,Horses,2025,Q2,Export,2093,WA,Clark,45.7791,-122.4825,CA,N/A,37.1661,-119.4494
C2020,Poultry,Ducks,2025,Q3,import,31,OR,N/A,43.9336,-120.5583,WA,Grant,47.2043,-119.4535
C2021,Swine,Swine,2024,Q3,Imports,124,MT,N/A,47.0527,-109.6333,WA,Okanogan,48.5485,-119.7401
C2022,Small Ruminants,Goats,2024,Q3,Import,37,UT,N/A,39.3055,-111.6703,WA,Grant,47.2353,-119.5005
C2022,Other,Alpaca,2025,Q1,intrastate,24,WA,Stevens,48.397,-117.8554,WA,Kittitas,47.1244,-120.6781
C2023,Cattle,Dairy cattle,2025,Q3,intrastate,5,WA,Pend Oreille,48.531,-117.2739,WA,Whitman,46.9008,-117.5231
C2024,Swine,Feeder pigs,2024,Q4,Inbound,180,ID,N/A,44.3509,-114.613,WA,Columbia,46.2972,-117.9073
C2024,Swine,Swine,2025,Q4,Inbound,39,CA,N/A,37.1661,-119.4494,WA,Whatcom,48.8272,-121.7198
C2025,Equids,Mules,2025,Q4,intrastate,867,WA,Clallam,48.0502,-123.9298,WA,Chelan,47.8677,-120.6182
C2026,Equids,Horses,2024,Q1,Outbound,28,WA,Clallam,48.0502,-123.9298,CA,N/A,37.1661,-119.4494
C2026,Cattle,Dairy cattle,2025,3,Outbound,369,WA,Clark,45.7791,-122.4825,NV,N/A,39.3289,-116.6312
C2027,Swine,Feeder pigs,2024,Q3,import,208,UT,N/A,39.3055,-111.6703,WA,Columbia County,46.2972,-117.9073
C2028,Equids,Horses,2025,Q4,Imports,14,MT,N/A,47.0527,-109.6333,WA,Kittitas,47.1244,-120.6781
C2028,Other,Alpaca,2024,Q2,Export,80,WA,Okanogan,48.5485,-119.7401,MT,N/A,47.0527,-109.6333
C2029,Small Ruminants,Goats,2025,Q1,Inbound,138,NV,N/A,39.3289,-116.6312,WA,Pierce,47.024,-122.1031
C2030,Poultry,Turkeys,2025,Q3,Export,643,WA,Mason,47.3481,-123.193,NV,N/A,39.3289,-116.6312
C2031,Other,Alpaca,2025,Q2,Import,35,MT,N/A,47.0527,-109.6333,WA,Pend Oreille,48.531,-117.2739
C2032,Swine,Swine,2025,Q1,intrastate,492,WA,Jefferson,47.7495,-123.5974,WA,Kittitas,47.1244,-120.6781
C2032,Cattle,"Beef cattle, cow-calf",2025,Q3,Import,20,NV,N/A,39.3289,-116.6312,WA,Whitman,46.9008,-117.5231
C2032,Small Ruminants,Goats,2025,Q1,Import,1185,ID,N/A,44.3509,-114.613,WA,Lincoln County,47.5761,-118.4185
C2033,Equids,Horses,2025,1,export,16,WA,Chelan,47.8677,-120.6182,OR,N/A,43.9336,-120.5583
C2034,Cattle,"Beef cattle, cow-calf",2025,Q1,Intrastate,3749,WA,Spokane,47.6201,-117.4044,WA,Skamania,46.0224,-121.915
C2035,Cattle,Beef cattle,2024,Q3,EXPORTS,272,WA,Mason,47.3481,-123.193,UT,N/A,39.3055,-111.6703
C2035,Cattle,"Beef cattle, cow-calf",2024,1,Intrastate,13,WA,Clark,45.7791,-122.4825,WA,Clark,45.7791,-122.4825
C2036,Equids,Mules,2025,Q2,EXPORTS,4,WA,Lincoln,47.5761,-118.4185,ID,N/A,44.3509,-114.613
C2036,Poultry,Turkeys,2024,Q1,Intrastate,723,WA,Yakima,46.4878,-120.7845,WA,Pacific,46.5554,-123.7041
C2037,Equids,Horses,2025,Q3,intrastate,1061,WA,Franklin,46.5347,-118.8994,WA,Skagit,48.4804,-121.7291
C2038,Other,Alpaca,2025,Q4,import,226,ID,N/A,44.3509,-114.613,WA,Pend Oreille,48.531,-117.2739
C2039,Small Ruminants,Sheep,2025,Q4,Intrastate,5,WA,Yakima,46.4568,-120.7375,WA,Yakima,46.4568,-120.7375
C2040,Swine,Feeder pigs,2025,Q4,Inbound,821,CA,N/A,37.1661,-119.4494,WA,Stevens,48.397,-117.8554
C2041,Equids,Horses,2025,Q4,intrastate,363,WA,Grant,47.2043,-119.4535,WA,Grant,47.2043,-119.4535
C2042,Cattle,Beef cattle,2025,Q1,import,517,NV,N/A,39.3289,-116.6312,WA,Clallam,48.0502,-123.9298
C2043,Small Ruminants,Goats,2025,Q1,export,22,WA,Okanogan,48.5485,-119.7401,ID,N/A,44.3509,-114.613
C2043,Small Ruminants,Sheep,2024,Q1,Export,149,WA,Grant,47.2353,-119.5005,MT,N/A,47.0527,-109.6333
C2043,Equids,Horses,2024,Q3,import,38,MT,N/A,47.0527,-109.6333,WA,Whatcom,48.8582,-121.7668
C2044,Small Ruminants,Goats,2025,Q4,Intrastate,473,WA,Garfield,46.4312,-117.545,WA,Columbia,46.2972,-117.9073
C2045,Poultry,Chickens,2025,4,Export,4189,WA,Klickitat,45.8746,-120.7893,NV,N/A,39.3289,-116.6312
C2046,Cattle,Dairy cattle,2025,Q1,Export,45,WA,Grant,47.2043,-119.4535,OR,N/A,43.9336,-120.5583
C2047,Cattle,"Beef cattle, cow-calf",2025,Q1,EXPORTS,155,WA,Benton,46.2392,-119.5109,ID,N/A,44.3509,-114.613
C2047,Poultry,Turkeys,2024,Q2,Imports,174,MT,N/A,47.0527,-109.6333,WA,Whatcom,48.8582,-121.7668
C2047,Cattle,Beef cattle,2025,1,EXPORTS,11,WA,Cowlitz,46.1932,-122.6808,NV,N/A,39.3289,-116.6312
C2048,Poultry,Turkeys,2025,Q1,Export,3120,WA,Whatcom,48.8272,-121.7198,CA,N/A,37.1661,-119.4494
C2049,Equids,Mules,2025,Q4,EXPORTS,7,WA,Kitsap,47.6125,-122.6764,ID,N/A,44.3509,-114.613
C2050,Poultry,Turkeys,2024,Q1,import,91,UT,N/A,39.3055,-111.6703,WA,Spokane,47.6511,-117.4514
C2051,Swine,Swine,2025,Q4,import,63,MT,N/A,47.0527,-109.6333,WA,Whatcom,48.8272,-121.7198
C2052,Swine,Swine,2024,Q4,EXPORTS,114,WA,Klickitat,45.8746,-120.7893,ID,N/A,44.3509,-114.613
C2053,Cattle,"Beef cattle, cow-calf",2025,Q1,Imports,2065,MT,N/A,47.0527,-109.6333,WA,Grant,47.2043,-119.4535
C2054,Other,Alpaca,2024,Q4,Export,88,WA,Pacific,46.5554,-123.7041,MT,N/A,47.0527,-109.6333
C2055,Small Ruminants,Sheep,2025,Q4,Intrastate,307,WA,Clallam,48.0502,-123.9298,WA,Whatcom,48.8272,-121.7198
C2056,Poultry,Chickens,2025,Q3,Imports,1223,UT,N/A,39.3055,-111.6703,WA,Clark,45.7791,-122.4825
C2057,Poultry,Ducks,2025,Q3,export,44,WA,Chelan,47.8677,-120.6182,CA,N/A,37.1661,-119.4494
C2058,Equids,Horses,2024,Q2,Inbound,5,ID,N/A,44.3509,-114.613,WA,Lewis,46.579,-122.3927
C2059,Other,Alpaca,2025,Q3,export,61,WA,Adams,46.9835,-118.5611,CA,N/A,37.1661,-119.4494
C2060,Swine,Feeder pigs,2024,3,EXPORTS,342,WA,Walla Walla,46.2296,-118.4785,NV,N/A,39.3289,-116.6312
C2061,Equids,Horses,2025,Q2,Inbound,565,NV,N/A,39.3289,-116.6312,WA,Yakima,46.4568,-120.7375
C2062,Cattle,Dairy cattle,2025,Q1,Inbound,63,UT,N/A,39.3055,-111.6703,WA,Thurston,46.9256,-122.833
C2063,Equids,Horses,2024,Q1,Inbound,,CA,N/A,37.1661,-119.4494,WA,Yakima County,46.4878,-120.7845
C2063,Small Ruminants,Sheep,2025,Q1,import,139,OR,N/A,43.9336,-120.5583,WA,Spokane,47.6201,-117.4044
C2064,Cattle,Beef cattle,2024,Q1,Import,5,NV,N/A,39.3289,-116.6312,WA,Grant,47.2353,-119.5005
